DATE,POWER_DEMAND,Predicted_POWER_DEMAND
2013-04-14,3153.0,3259.529
2013-04-15,3180.0,3188.1028
2013-04-16,3558.0,3568.7932
2013-04-17,3646.0,3625.2878
2013-04-18,3658.0,3686.3699
2013-04-19,3751.0,3720.9624
2013-04-20,3534.0,3593.1292
2013-04-21,3592.0,3551.2576
2013-04-22,3247.0,3095.1995
2013-04-23,3535.0,3471.1602
2013-04-24,3601.0,3641.167
2013-04-25,3692.0,3748.3496
2013-04-26,3937.0,3883.284
2013-04-27,3871.0,3879.2532
2013-04-28,3570.0,3846.3975
2013-04-29,3497.0,4033.175
2013-04-30,3880.0,3889.6926
2013-05-13,3775.0,3897.716
2013-05-14,4155.0,4176.1074
2013-05-15,4361.0,4296.9463
2013-05-16,4435.0,4467.2256
2013-05-17,4521.0,4497.431
2013-05-18,4578.0,4597.8257
2013-05-19,4381.0,4794.3745
2013-05-20,4384.0,4473.701
2013-05-21,4713.0,4748.8955
2013-05-22,4892.0,4797.36
2013-05-23,4895.0,4846.981
2013-05-24,4996.0,4980.107
2013-05-25,5173.0,4899.7397
2013-05-26,4906.0,4763.6567
2013-05-27,4739.0,4721.6274
2013-05-28,5198.0,5117.955
2013-05-29,5001.0,4741.268
2013-05-30,4981.0,4942.0493
2013-06-13,5045.0,4954.18
2013-06-14,4698.0,4714.908
2013-06-15,4640.0,4296.125
2013-06-16,4367.0,4400.226
2013-06-17,3591.0,3641.0164
2013-06-18,3637.0,3631.862
2013-06-19,3852.0,3916.217
2013-06-20,4118.0,4141.994
2013-06-21,4581.0,4544.8066
2013-06-22,4812.0,4725.167
2013-06-23,4791.0,4825.935
2013-06-24,4900.0,4902.2305
2013-06-25,5364.0,4838.8394
2013-06-26,4999.0,4903.8643
2013-06-27,4867.0,4951.5386
2013-06-28,5048.0,5080.8843
2013-06-30,4837.0,4817.7725
2013-07-13,4580.0,4587.1895
2013-07-14,4571.0,4556.7295
2013-07-15,4396.0,4472.173
2013-07-16,4948.0,4905.023
2013-07-17,4796.0,4799.297
2013-07-18,4974.0,5005.5225
2013-07-19,5053.0,4982.4316
2013-07-20,5020.0,4986.9624
2013-07-21,4318.0,4263.523
2013-07-22,4251.0,4235.237
2013-07-23,4323.0,4339.046
2013-07-24,4683.0,4896.22
2013-07-25,4949.0,4922.8765
2013-07-26,4561.0,4524.587
2013-07-27,4606.0,4627.7275
2013-07-29,4675.0,4660.1646
2013-07-30,4932.0,4932.9194
2013-07-31,4828.0,4283.436
2013-08-13,4405.0,4401.434
2013-08-14,4341.0,4340.903
2013-08-16,3756.0,3768.132
2013-08-17,4090.0,4086.5845
2013-08-18,3783.0,3767.706
2013-08-19,3772.0,3751.3792
2013-08-20,4081.0,4101.4253
2013-08-21,3811.0,3818.9014
2013-08-22,4167.0,4156.2803
2013-08-23,4154.0,4471.7803
2013-08-24,4447.0,4643.991
2013-08-25,4542.0,4541.922
2013-08-26,4500.0,4511.389
2013-08-27,4930.0,4926.0005
2013-08-28,4859.0,4713.237
2013-08-31,4426.0,4405.897
2013-09-13,4685.0,4684.2134
2013-09-14,4750.0,4753.828
2013-09-16,4504.0,4058.3718
2013-09-17,4461.0,4495.698
2013-09-18,4374.0,4479.7124
2013-09-19,4430.0,4373.6587
2013-09-20,4556.0,4547.6196
2013-09-22,3982.0,4099.6143
2013-09-23,3953.0,4001.9614
2013-09-25,4544.0,4512.189
2013-09-26,4348.0,4302.062
2013-09-27,4310.0,4336.4497
2013-09-28,4449.0,4415.9966
2013-09-29,4197.0,4235.3936
2013-09-30,3901.0,3825.2405
2013-10-13,3690.0,4080.3142
2013-10-14,3053.0,3935.5923
2013-10-15,3917.0,3857.9548
2013-10-17,3803.0,3861.5151
2013-10-18,3930.0,3978.5942
2013-10-19,3957.0,3584.9907
2013-10-20,3664.0,3340.1753
2013-10-21,3312.0,3357.3213
2013-10-22,3635.0,3440.233
2013-10-23,3552.0,3597.7617
2013-10-24,3618.0,3594.2668
2013-10-25,3688.0,3659.4224
2013-10-26,3653.0,3628.2483
2013-10-27,3382.0,3399.7573
2013-10-28,3149.0,3123.3923
2013-10-29,3404.0,3363.3083
2013-10-30,3600.0,3501.0618
2013-10-31,3515.0,3521.5286
2013-11-13,3120.0,3044.8083
2013-11-14,3100.0,3103.3376
2013-11-15,3161.0,3125.623
2013-11-16,3180.0,3151.828
2013-11-17,2952.0,2967.18
2013-11-18,3016.0,2984.4707
2013-11-19,3095.0,3074.348
2013-11-20,3095.0,3113.1394
2013-11-21,3065.0,3082.7964
2013-11-22,3166.0,3146.241
2013-11-23,3132.0,3153.4067
2013-11-24,2998.0,2977.753
2013-11-25,2983.0,2972.1074
2013-11-26,3048.0,3015.2864
2013-11-27,3104.0,3113.0652
2013-11-28,3097.0,3131.538
2013-11-29,3178.0,3162.2478
2013-11-30,3130.0,3133.7449
2013-12-13,3200.0,3206.667
2013-12-14,3263.0,3291.2874
2013-12-15,3252.0,3203.6213
2013-12-16,3149.0,3093.6875
2013-12-17,3244.0,3200.7017
2013-12-18,3224.0,3173.7556
2013-12-19,2892.0,3013.7214
2013-12-20,3277.0,3377.558
2013-12-21,3381.0,3361.3186
2013-12-22,3321.0,3319.3403
2013-12-23,3343.0,3360.936
2013-12-24,3499.0,3441.425
2013-12-25,3342.0,3604.8271
2013-12-26,3484.0,3524.0508
2013-12-27,3492.0,3580.783
2013-12-28,3639.0,3596.2756
2013-12-29,3526.0,3510.337
2013-12-30,3408.0,3457.0833
2013-12-31,3665.0,3637.6907
2014-01-13,3564.0,3863.278
2014-01-14,3787.0,4032.9302
2014-01-15,3709.0,3744.9263
2014-01-16,3815.0,3797.882
2014-01-17,3805.0,3825.8042
2014-01-18,3902.0,3891.3188
2014-01-19,3569.0,3576.005
2014-01-20,3726.0,3738.7266
2014-01-21,3797.0,3761.339
2014-01-22,3666.0,3681.366
2014-01-23,3826.0,3793.4653
2014-01-24,3720.0,3816.35
2014-01-25,3871.0,3858.463
2014-01-26,3714.0,3706.0076
2014-01-27,3266.0,3346.266
2014-01-28,3580.0,3585.1172
2014-01-29,3569.0,3552.5432
2014-01-30,3510.0,3499.457
2014-01-31,3502.0,3552.7192
2014-02-13,3461.0,3491.5647
2014-02-14,3460.0,3478.794
2014-02-15,3546.0,3514.4058
2014-02-16,3621.0,3602.549
2014-02-17,3560.0,3426.564
2014-02-18,3616.0,3550.858
2014-02-19,3522.0,3444.7598
2014-02-20,3561.0,3489.9888
2014-02-21,3455.0,3408.4905
2014-02-22,3562.0,3496.2395
2014-02-23,3351.0,3224.305
2014-02-24,3370.0,3335.33
2014-02-25,3462.0,3388.3943
2014-02-26,3237.0,3247.256
2014-02-27,3279.0,3259.4727
2014-02-28,3362.0,3336.7761
2014-03-13,3175.0,3161.101
2014-03-14,3158.0,3213.4578
2014-03-15,3297.0,3265.7917
2014-03-16,2992.0,3009.2354
2014-03-17,2850.0,2842.9512
2014-03-18,2265.0,2527.898
2014-03-19,2724.0,2838.0652
2014-03-20,3000.0,3064.5225
2014-03-21,2995.0,3128.4888
2014-03-22,3097.0,3167.9841
2014-03-23,3031.0,3031.0425
2014-03-24,2778.0,2779.0635
2014-03-25,3077.0,3078.6199
2014-03-26,3068.0,3082.3843
2014-03-27,3138.0,3101.4998
2014-03-28,3086.0,3126.8235
2014-03-29,3165.0,3129.2932
2014-03-30,3078.0,2891.4119
2014-03-31,2825.0,2807.2664
2014-04-13,3363.0,3532.629
2014-04-14,3065.0,3096.7341
2014-04-15,3369.0,3336.4216
2014-04-16,3608.0,3542.549
2014-04-17,3532.0,3449.3274
2014-04-18,3504.0,3367.112
2014-04-19,3299.0,3304.2593
2014-04-20,3245.0,3248.7249
2014-04-21,3149.0,3151.978
2014-04-22,3484.0,3523.528
2014-04-23,3535.0,3600.6
2014-04-24,3545.0,3631.9524
2014-04-25,3723.0,3731.5593
2014-04-26,3851.0,3911.9246
2014-04-27,3727.0,3700.7168
2014-04-28,3602.0,3623.867
2014-04-29,4037.0,4011.8499
2014-04-30,4115.0,4383.7886
2014-05-13,3969.0,3620.6511
2014-05-14,3804.0,3742.604
2014-05-15,3592.0,4276.451
2014-05-16,3858.0,3946.2385
2014-05-17,4115.0,4064.2017
2014-05-18,4008.0,4130.227
2014-05-19,4061.0,4011.0986
2014-05-20,4239.0,4214.511
2014-05-21,4364.0,4375.7817
2014-05-22,4478.0,4470.1113
2014-05-23,4663.0,4674.257
2014-05-24,4810.0,4392.2314
2014-05-25,4433.0,4225.3496
2014-05-26,4011.0,4120.0444
2014-05-27,4389.0,4393.8447
2014-05-28,4597.0,4649.444
2014-05-29,4836.0,4897.4507
2014-05-30,4936.0,5065.8735
2014-05-31,5321.0,5257.4062
2014-06-13,5203.0,5399.6406
2014-06-14,4745.0,5050.1953
2014-06-15,4344.0,4429.736
2014-06-16,4479.0,4592.602
2014-06-17,5163.0,5183.603
2014-06-18,5390.0,5338.692
2014-06-19,5448.0,5389.7256
2014-06-20,5434.0,5219.2915
2014-06-21,5490.0,5417.539
2014-06-22,5146.0,5126.346
2014-06-23,5029.0,5045.166
2014-06-24,5125.0,5112.949
2014-06-25,5194.0,4827.6743
2014-06-26,5003.0,5029.1245
2014-06-27,5212.0,5138.6235
2014-06-28,5298.0,5273.4473
2014-06-29,5133.0,5125.45
2014-06-30,4951.0,4948.372
2014-07-13,5521.0,5539.377
2014-07-14,5318.0,5290.124
2014-07-15,5655.0,5586.151
2014-07-16,5852.0,5728.5767
2014-07-17,5610.0,5599.031
2014-07-18,5411.0,5336.098
2014-07-19,4571.0,4628.754
2014-07-20,4643.0,4977.353
2014-07-21,4818.0,4843.1978
2014-07-22,5308.0,5307.513
2014-07-23,5216.0,5240.456
2014-07-24,4988.0,4993.416
2014-07-25,4896.0,4840.65
2014-07-26,4841.0,4929.407
2014-07-27,5032.0,5001.67
2014-07-28,4951.0,4906.8774
2014-07-29,4880.0,4880.087
2014-07-30,4501.0,4612.605
2014-07-31,4941.0,4940.178
2014-08-13,5171.0,5029.7275
2014-08-14,5221.0,5183.9395
2014-08-16,4442.0,4808.4575
2014-08-17,4621.0,4577.1543
2014-08-19,4903.0,4994.5273
2014-08-20,5128.0,5093.02
2014-08-21,5245.0,4985.2803
2014-08-22,5150.0,5133.057
2014-08-23,5301.0,5186.8433
2014-08-24,5249.0,4970.253
2014-08-25,5210.0,5207.9653
2014-08-26,5421.0,5414.1367
2014-08-27,5354.0,5002.6157
2014-08-28,5463.0,5055.2153
2014-08-29,5113.0,5021.9727
2014-08-30,4943.0,4899.1484
2014-08-31,4601.0,4566.657
2014-09-13,4150.0,4199.1836
2014-09-14,4237.0,4337.778
2014-09-15,3903.0,3899.6619
2014-09-16,4474.0,4589.1616
2014-09-17,4444.0,4579.963
2014-09-18,4720.0,4755.0996
2014-09-19,4845.0,4796.2056
2014-09-20,4760.0,4945.626
2014-09-21,4685.0,4607.1777
2014-09-22,4525.0,4544.6387
2014-09-23,4760.0,4715.762
2014-09-24,4539.0,4524.9644
2014-09-25,4577.0,4488.1978
2014-09-26,4482.0,4494.468
2014-09-27,4493.0,4433.333
2014-09-28,4353.0,4365.0376
2014-09-29,4361.0,4342.958
2014-09-30,4465.0,4490.321
2014-10-13,3526.0,3610.075
2014-10-14,3865.0,3902.7249
2014-10-15,3722.0,3684.319
2014-10-16,3742.0,3678.842
2014-10-17,3591.0,3578.8442
2014-10-18,3624.0,3513.1853
2014-10-19,3360.0,3403.474
2014-10-20,3138.0,3175.981
2014-10-21,3606.0,3644.4275
2014-10-22,3687.0,3726.4766
2014-10-23,3557.0,3502.9106
2014-10-24,3235.0,3333.7463
2014-10-25,3134.0,3184.7512
2014-10-26,3221.0,3298.5054
2014-10-27,3122.0,3216.6052
2014-10-28,3479.0,3520.4998
2014-10-29,3500.0,3483.6516
2014-10-30,3276.0,3492.6165
2014-10-31,3485.0,3445.2378
2014-11-13,3185.0,3133.8376
2014-11-14,3113.0,3099.7246
2014-11-15,3052.0,3064.0635
2014-11-16,2934.0,2986.2292
2014-11-17,2920.0,2936.948
2014-11-18,3080.0,3089.474
2014-11-19,3106.0,3104.4348
2014-11-20,3132.0,3111.0923
2014-11-21,3181.0,3167.9912
2014-11-22,3157.0,3128.0347
2014-11-23,3019.0,3020.9775
2014-11-24,3027.0,3018.0334
2014-11-25,3122.0,3114.0273
2014-11-26,3061.0,3086.0122
2014-11-27,3156.0,3156.1274
2014-11-28,3183.0,3172.3499
2014-11-29,3228.0,3174.9075
2014-11-30,3093.0,3086.808
2014-12-13,3161.0,3210.7368
2014-12-14,3234.0,3254.2397
2014-12-15,3238.0,3213.4138
2014-12-16,3200.0,3189.8892
2014-12-17,3209.0,3252.3074
2014-12-18,3387.0,3421.2275
2014-12-19,3435.0,3405.7627
2014-12-20,3599.0,3563.0698
2014-12-21,3585.0,3598.7378
2014-12-22,3549.0,3578.4055
2014-12-23,3781.0,3743.4534
2014-12-24,3875.0,3811.9937
2014-12-25,3826.0,3863.3684
2014-12-26,3938.0,3898.873
2014-12-27,4161.0,4056.2803
2014-12-28,4161.0,3839.8733
2014-12-29,4150.0,4130.928
2014-12-30,4192.0,3926.5002
2014-12-31,3995.0,3961.3408
2015-01-13,4058.0,4078.411
2015-01-14,4020.0,4034.917
2015-01-15,4145.0,4099.307
2015-01-16,4069.0,4030.7268
2015-01-17,4206.0,4159.1045
2015-01-18,3882.0,3858.6743
2015-01-19,3834.0,4038.45
2015-01-20,3936.0,3902.3123
2015-01-21,3903.0,3884.3618
2015-01-22,3990.0,3962.5452
2015-01-23,3870.0,3858.2256
2015-01-24,4012.0,4023.366
2015-01-25,3899.0,3778.5598
2015-01-26,3693.0,3682.8657
2015-01-27,3095.0,3359.125
2015-01-28,3829.0,3820.4226
2015-01-29,3860.0,3855.3057
2015-01-30,3758.0,3760.4265
2015-01-31,4003.0,3714.2834
2015-02-13,3434.0,3493.6287
2015-02-14,3543.0,3411.8694
2015-02-15,3399.0,3406.6125
2015-02-16,3274.0,3249.7231
2015-02-17,3194.0,3274.7332
2015-02-18,3406.0,3371.9434
2015-02-19,3130.0,3150.145
2015-02-20,3157.0,3303.2268
2015-02-21,3330.0,3303.5994
2015-02-22,3058.0,3099.4944
2015-02-23,3075.0,3063.2546
2015-02-24,3089.0,3129.2334
2015-02-25,3177.0,3231.919
2015-02-26,3276.0,3239.8533
2015-02-27,3133.0,3290.8042
2015-02-28,3221.0,3187.7964
2015-03-13,3186.0,3222.506
2015-03-14,3290.0,3224.3066
2015-03-15,3116.0,3147.496
2015-03-16,3048.0,3004.1792
2015-03-17,3155.0,3135.2957
2015-03-18,3193.0,3168.1206
2015-03-19,3283.0,3218.6357
2015-03-20,3211.0,3214.4375
2015-03-21,3276.0,2896.6025
2015-03-22,3002.0,2995.415
2015-03-23,2880.0,2895.5942
2015-03-24,3168.0,3157.363
2015-03-25,3260.0,3238.6616
2015-03-26,3414.0,3396.0928
2015-03-27,3564.0,3506.4407
2015-03-28,3522.0,3119.5803
2015-03-29,3243.0,3313.293
2015-03-30,2878.0,2878.2156
2015-03-31,3220.0,3190.0793
2015-04-13,3062.0,3082.0989
2015-04-14,3332.0,3282.2007
2015-04-15,3385.0,3375.3286
2015-04-16,3519.0,3521.183
2015-04-17,3579.0,3578.9553
2015-04-18,3595.0,3613.1938
2015-04-19,3541.0,3562.3086
2015-04-20,3529.0,3592.2778
2015-04-21,3931.0,4125.1797
2015-04-22,4037.0,4324.5186
2015-04-23,4055.0,4129.767
2015-04-24,4126.0,4087.2605
2015-04-25,4355.0,4298.6343
2015-04-26,3900.0,3883.4038
2015-04-27,3676.0,3844.2043
2015-04-28,4112.0,4122.2383
2015-04-29,4232.0,4154.4355
2015-04-30,4281.0,4349.3555
2015-05-13,5125.0,4596.974
2015-05-14,4948.0,4770.5835
2015-05-15,4417.0,4416.324
2015-05-16,4311.0,4457.7305
2015-05-17,4322.0,4344.034
2015-05-18,4503.0,5062.827
2015-05-19,5005.0,5036.888
2015-05-20,4942.0,4834.3755
2015-05-22,4946.0,4998.042
2015-05-23,5007.0,5060.7075
2015-05-24,4964.0,5062.4824
2015-05-25,5011.0,4978.055
2015-05-26,5212.0,5224.8364
2015-05-27,5362.0,5296.394
2015-05-28,5176.0,5182.09
2015-05-29,5274.0,5255.7754
2015-05-30,5320.0,5274.196
2015-05-31,5171.0,5190.292
2015-06-13,5494.0,5171.45
2015-06-14,5373.0,5305.0513
2015-06-15,4447.0,4450.396
2015-06-16,4380.0,4913.783
2015-06-17,4846.0,4802.3423
2015-06-18,5049.0,5053.523
2015-06-19,5311.0,5232.5034
2015-06-20,5685.0,5018.29
2015-06-21,5639.0,4848.073
2015-06-22,5145.0,5134.484
2015-06-23,5139.0,5130.0337
2015-06-24,5419.0,5351.76
2015-06-25,5122.0,5119.8765
2015-06-26,4292.0,4712.4634
2015-06-27,4775.0,5090.312
2015-06-28,4832.0,4834.6045
2015-06-29,5250.0,5240.1274
2015-06-30,5230.0,5044.831
2015-07-15,4782.0,4864.455
2015-07-16,5163.0,5182.143
2015-07-17,5361.0,5372.121
2015-07-18,5045.0,5054.435
2015-07-19,4889.0,4957.8965
2015-07-20,4558.0,4509.7397
2015-07-21,4639.0,4683.6606
2015-07-22,4979.0,4965.429
2015-07-23,5079.0,5117.68
2015-07-24,5194.0,5155.9536
2015-07-25,5229.0,5140.2437
2015-07-26,5042.0,5053.696
2015-07-27,4864.0,4802.3916
2015-07-28,4799.0,4787.71
2015-07-29,4487.0,4523.086
2015-07-30,4422.0,4483.856
2015-07-31,4422.0,4546.7163
2015-08-13,4646.0,4728.778
2015-08-14,5009.0,5250.906
2015-08-15,4862.0,4873.317
2015-08-16,4673.0,4610.179
2015-08-17,4169.0,4274.2363
2015-08-18,4730.0,4833.0117
2015-08-19,4883.0,4592.9473
2015-08-20,4850.0,4894.2495
2015-08-21,4783.0,4810.7876
2015-08-22,4928.0,4874.639
2015-08-23,4552.0,4647.7163
2015-08-24,4476.0,4493.2627
2015-08-25,4969.0,5015.2603
2015-08-26,5161.0,5112.8247
2015-08-27,5228.0,5307.1753
2015-08-28,5313.0,5193.959
2015-08-29,5245.0,5222.771
2015-08-30,5095.0,5133.6934
2015-08-31,4986.0,4987.984
2015-09-13,4982.0,4971.109
2015-09-14,5073.0,5072.1934
2015-09-15,5272.0,5276.7104
2015-09-16,5428.0,5439.413
2015-09-17,5275.0,5269.0703
2015-09-18,5207.0,5157.432
2015-09-19,5177.0,5150.6816
2015-09-20,4943.0,4874.2876
2015-09-21,4833.0,4848.3545
2015-09-22,4930.0,4913.8706
2015-09-23,4858.0,4797.0527
2015-09-24,4540.0,4507.044
2015-09-25,4345.0,4444.694
2015-09-26,4060.0,4341.3765
2015-09-27,4182.0,4341.8564
2015-09-28,4216.0,3971.9402
2015-09-29,4366.0,4327.5845
2015-09-30,4252.0,4242.9985
2015-10-13,4295.0,4313.051
2015-10-14,4303.0,4604.726
2015-10-15,4300.0,4236.1157
2015-10-16,4225.0,4200.788
2015-10-17,4170.0,4180.6045
2015-10-18,3973.0,3980.0134
2015-10-19,3762.0,3786.6733
2015-10-20,4062.0,4146.4277
2015-10-21,4100.0,4099.5117
2015-10-22,4011.0,3955.092
2015-10-23,3226.0,3389.53
2015-10-24,3755.0,3696.7224
2015-10-25,3426.0,3589.7678
2015-10-26,3354.0,3383.425
2015-10-27,3646.0,3620.402
2015-10-28,3596.0,3493.782
2015-10-29,3270.0,3334.2654
2015-10-30,3331.0,3259.555
2015-10-31,3361.0,3304.537
2015-11-13,2574.0,2861.768
2015-11-14,2922.0,2994.6133
2015-11-15,3054.0,3074.218
2015-11-16,2886.0,2879.399
2015-11-17,3158.0,3111.1042
2015-11-18,3048.0,3164.141
2015-11-19,3160.0,3150.859
2015-11-20,3215.0,3147.6272
2015-11-21,3302.0,3096.586
2015-11-22,3011.0,3007.0378
2015-11-23,3000.0,3024.2776
2015-11-24,3117.0,3101.46
2015-11-25,3117.0,3129.0247
2015-11-26,3061.0,3111.1865
2015-11-27,3176.0,3183.6711
2015-11-28,3140.0,3135.1743
2015-11-29,2993.0,2992.8145
2015-11-30,3034.0,2997.5654
2015-12-13,3234.0,3284.2275
2015-12-14,3264.0,3264.7954
2015-12-15,3349.0,3431.6077
2015-12-16,3394.0,3408.4958
2015-12-17,3440.0,3438.967
2015-12-18,3470.0,3499.2437
2015-12-19,3650.0,3580.4722
2015-12-20,3451.0,3441.154
2015-12-21,3520.0,3544.6526
2015-12-22,3610.0,3596.631
2015-12-23,3654.0,3656.2712
2015-12-24,3765.0,3737.6155
2015-12-25,3756.0,3841.6843
2015-12-26,3872.0,3884.854
2015-12-27,3559.0,3603.864
2015-12-28,3573.0,3528.1199
2015-12-29,3695.0,3664.9766
2015-12-30,3640.0,3622.6216
2015-12-31,3592.0,3619.0085
2016-01-13,3624.0,3664.4475
2016-01-14,3646.0,3688.0198
2016-01-15,3708.0,3731.729
2016-01-16,3962.0,3911.9475
2016-01-17,3667.0,3673.2715
2016-01-18,3598.0,3816.0415
2016-01-19,3591.0,3871.1462
2016-01-20,3695.0,3706.4834
2016-01-21,3921.0,3938.4766
2016-01-22,3893.0,3886.8955
2016-01-23,4077.0,4056.9238
2016-01-24,3836.0,3818.5728
2016-01-25,3952.0,3738.2869
2016-01-26,4033.0,3944.5686
2016-01-27,3324.0,3706.594
2016-01-28,3857.0,3817.418
2016-01-29,3657.0,3653.7825
2016-01-30,3819.0,3774.0952
2016-01-31,3533.0,3695.1501
2016-02-13,3635.0,3594.7454
2016-02-14,3464.0,3403.7898
2016-02-15,3421.0,3450.1785
2016-02-16,3486.0,3482.8708
2016-02-17,3398.0,3395.5217
2016-02-18,3521.0,3517.3293
2016-02-19,3310.0,3299.3625
2016-02-20,3507.0,3448.5242
2016-02-21,3086.0,3154.8477
2016-02-22,3073.0,3103.648
2016-02-23,3153.0,3267.301
2016-02-24,3153.0,3174.2466
2016-02-25,3197.0,3262.727
2016-02-26,3217.0,3262.6294
2016-02-27,3395.0,3233.1338
2016-02-28,3109.0,3124.604
2016-02-29,3018.0,3032.8975
2016-03-13,3120.0,3110.6797
2016-03-14,2972.0,2953.671
2016-03-15,3122.0,3144.3718
2016-03-16,3226.0,3188.5488
2016-03-17,3228.0,3229.6384
2016-03-18,3122.0,3218.9348
2016-03-19,3372.0,3360.1638
2016-03-20,3236.0,3200.3047
2016-03-21,3007.0,3052.2317
2016-03-22,3246.0,3195.9885
2016-03-23,3188.0,3167.501
2016-03-25,2388.0,2631.971
2016-03-27,3028.0,3049.6309
2016-03-28,2946.0,2871.429
2016-03-29,3265.0,3197.28
2016-03-30,3319.0,3296.662
2016-03-31,3454.0,3422.4966
2016-04-13,3737.0,3680.2844
2016-04-14,3786.0,3810.6116
2016-04-15,3835.0,3894.8076
2016-04-16,3998.0,4092.521
2016-04-17,4198.0,4225.1533
2016-04-18,4287.0,4221.756
2016-04-19,4656.0,4582.8438
2016-04-20,4752.0,4116.208
2016-04-21,4430.0,4159.746
2016-04-22,4653.0,4125.8677
2016-04-23,4653.0,4562.0947
2016-04-24,4204.0,4165.256
2016-04-25,4030.0,4049.6096
2016-04-26,4271.0,4277.2
2016-04-27,4400.0,4425.1216
2016-04-28,4389.0,4428.4233
2016-04-29,4585.0,4580.7686
2016-04-30,4668.0,4594.57
2016-05-13,5249.0,5283.5137
2016-05-14,5339.0,5366.9873
2016-05-15,5226.0,5277.7686
2016-05-16,5258.0,5185.2183
2016-05-17,5376.0,5406.813
2016-05-18,5562.0,5476.7397
2016-05-19,5586.0,5624.7954
2016-05-20,5986.0,5960.3447
2016-05-21,6119.0,6120.376
2016-05-22,5771.0,5791.9688
2016-05-23,5583.0,5579.6885
2016-05-24,5569.0,5462.0645
2016-05-25,5001.0,5161.213
2016-05-26,5203.0,5170.14
2016-05-27,5330.0,5364.282
2016-05-28,5425.0,5417.9854
2016-05-29,5500.0,5444.3853
2016-05-30,4594.0,4985.6836
2016-05-31,4192.0,4302.253
2016-06-13,4883.0,5511.4434
2016-06-14,5800.0,5700.506
2016-06-15,5477.0,5517.7725
2016-06-16,5733.0,5614.6733
2016-06-17,5470.0,5500.3965
2016-06-18,5764.0,5754.7534
2016-06-19,5622.0,5609.565
2016-06-20,5583.0,5581.999
2016-06-21,5499.0,5383.549
2016-06-22,5555.0,5513.0186
2016-06-23,5535.0,5327.384
2016-06-24,5392.0,5452.6147
2016-06-25,5905.0,5892.1963
2016-06-26,5905.0,5728.1514
2016-06-27,5688.0,5696.2783
2016-06-28,5917.0,5824.6826
2016-06-29,5917.0,5916.169
2016-06-30,5959.0,5926.9834
2016-07-13,5230.0,5305.0127
2016-07-14,5327.0,5280.4307
2016-07-15,5414.0,5380.094
2016-07-16,5159.0,5139.0107
2016-07-17,4910.0,4897.4297
2016-07-18,4065.0,4162.8286
2016-07-19,4813.0,4847.08
2016-07-20,5319.0,5401.288
2016-07-21,5575.0,5622.566
2016-07-22,5792.0,5718.1973
2016-07-23,5816.0,5236.105
2016-07-24,5606.0,5217.4736
2016-07-25,5239.0,5175.3413
2016-07-26,5551.0,5496.034
2016-07-27,5551.0,5483.0557
2016-07-28,4723.0,4754.9478
2016-07-29,4822.0,4817.285
2016-07-30,4561.0,4547.4995
2016-07-31,4219.0,4335.4087
2016-08-13,4692.0,4688.0376
2016-08-14,4532.0,4576.067
2016-08-15,4419.0,4483.388
2016-08-16,4779.0,4818.3374
2016-08-17,5253.0,4822.223
2016-08-18,4935.0,4961.8496
2016-08-19,4631.0,4671.126
2016-08-20,5182.0,5208.872
2016-08-21,5032.0,4912.2354
2016-08-22,4987.0,4982.5664
2016-08-23,5216.0,4927.5776
2016-08-24,5239.0,5277.185
2016-08-25,5037.0,4998.612
2016-08-26,4686.0,4759.1636
2016-08-27,5111.0,4892.814
2016-08-28,5021.0,5029.9595
2016-08-29,5176.0,5156.5146
2016-08-30,5176.0,4690.5737
2016-08-31,4722.0,4733.318
2016-09-13,4937.0,4920.0386
2016-09-14,5006.0,4994.4253
2016-09-15,5029.0,5029.6255
2016-09-16,4996.0,5030.68
2016-09-17,5059.0,5030.733
2016-09-18,4932.0,5007.8037
2016-09-19,4926.0,4984.839
2016-09-20,5077.0,5186.891
2016-09-21,5244.0,5310.568
2016-09-22,5400.0,4934.452
2016-09-23,4977.0,4954.2666
2016-09-24,4903.0,4919.0713
2016-09-25,4713.0,4745.4546
2016-09-26,4716.0,4716.5347
2016-09-27,4952.0,4901.3027
2016-09-28,4952.0,4922.776
2016-09-29,4952.0,5098.98
2016-09-30,4952.0,4959.412
2016-10-13,3938.0,3989.1704
2016-10-14,4145.0,4121.9927
2016-10-15,4081.0,3999.3289
2016-10-16,3830.0,3873.3723
2016-10-17,3583.0,3604.9744
2016-10-18,3864.0,3895.268
2016-10-19,3870.0,3750.6926
2016-10-20,3755.0,3989.007
2016-10-21,3973.0,4043.544
2016-10-22,3966.0,3983.2234
2016-10-23,3776.0,3747.0354
2016-10-24,3776.0,3699.605
2016-10-25,3867.0,3928.6738
2016-10-26,3879.0,3803.5774
2016-10-27,3897.0,3863.4658
2016-10-28,3821.0,3736.6033
2016-10-29,3645.0,3597.2375
2016-10-30,3298.0,3240.5234
2016-10-31,2828.0,2875.4858
2016-11-13,2795.0,2989.6877
2016-11-14,2707.0,2762.9854
2016-11-15,2874.0,2936.4321
2016-11-16,2907.0,2969.0415
2016-11-17,2930.0,3024.905
2016-11-18,2962.0,3036.0159
2016-11-19,3055.0,3029.0916
2016-11-20,2837.0,2917.626
2016-11-21,2925.0,2838.7073
2016-11-22,2958.0,3019.6267
2016-11-23,2975.0,3006.721
2016-11-24,3035.0,3045.9148
2016-11-25,3036.0,3053.6897
2016-11-26,3100.0,3103.0354
2016-11-27,2928.0,2933.7712
2016-11-28,2991.0,2947.3494
2016-11-29,2982.0,2982.619
2016-11-30,2987.0,3098.9307
2016-12-13,3314.0,3298.337
2016-12-14,3237.0,3269.392
2016-12-15,3247.0,3221.6328
2016-12-16,3179.0,3285.2168
2016-12-17,3381.0,3505.6736
2016-12-18,3222.0,3247.1033
2016-12-19,3309.0,3341.934
2016-12-20,3348.0,3330.5818
2016-12-21,3387.0,3407.7017
2016-12-22,3471.0,3447.4812
2016-12-23,3302.0,3366.7126
2016-12-24,3531.0,3369.057
2016-12-26,3361.0,3341.103
2016-12-27,3508.0,3615.1775
2016-12-28,3505.0,3522.882
2016-12-29,3582.0,3553.362
2016-12-30,3506.0,3619.4954
2016-12-31,3801.0,3548.4417
2017-01-13,3317.0,4048.069
2017-01-14,3998.0,4025.598
2017-01-15,3983.0,3902.2986
2017-01-16,3677.0,3658.6477
2017-01-17,3709.0,3795.8987
2017-01-18,3976.0,3952.0525
2017-01-19,3973.0,4001.021
2017-01-20,3973.0,3940.8755
2017-01-21,3973.0,3985.82
2017-01-22,3862.0,3826.6104
2017-01-23,3895.0,3838.2532
2017-01-24,3777.0,3814.2983
2017-01-25,3711.0,3694.6685
2017-01-26,3709.0,3694.1987
2017-01-27,3043.0,3242.4075
2017-01-28,3690.0,3742.611
2017-01-29,3688.0,3669.514
2017-01-30,3761.0,3686.5671
2017-01-31,3761.0,3757.8687
2017-02-13,3480.0,3477.271
2017-02-14,3519.0,3576.1506
2017-02-15,3530.0,3579.427
2017-02-16,3614.0,3587.2158
2017-02-17,3441.0,3429.4277
2017-02-18,3604.0,3580.3975
2017-02-19,3387.0,3384.0864
2017-02-20,3347.0,3199.3777
2017-02-21,3303.0,3327.0718
2017-02-22,3309.0,3417.3584
2017-02-23,3392.0,3405.5242
2017-02-24,3335.0,3333.252
2017-02-25,3586.0,3508.1218
2017-02-26,3294.5,3319.9465
2017-02-27,3003.0,3083.8252
2017-02-28,3325.0,3272.3748
2017-03-13,3011.0,3073.9934
2017-03-14,2339.0,3350.9583
2017-03-15,3015.0,3105.9302
2017-03-16,3309.0,3303.5347
2017-03-17,3309.0,3308.902
2017-03-18,3413.0,3398.421
2017-03-19,3173.0,3219.5813
2017-03-20,3084.0,3062.5466
2017-03-21,3236.0,3214.7751
2017-03-22,3283.0,3339.639
2017-03-23,3409.0,3392.1433
2017-03-24,3607.0,3593.5896
2017-03-25,3601.0,3525.6987
2017-03-26,3331.0,3400.319
2017-03-27,3158.0,3175.568
2017-03-28,3666.0,3682.1477
2017-03-29,3736.0,3756.7683
2017-03-30,3930.0,3922.2515
2017-03-31,4033.0,3931.8914
2017-04-13,4100.0,4079.8562
2017-04-14,4231.0,4259.421
2017-04-15,4153.0,4184.1753
2017-04-16,4246.0,4194.6064
2017-04-17,4391.0,4399.227
2017-04-18,4845.0,4847.1504
2017-04-19,4980.0,4950.0283
2017-04-20,5098.0,5067.0264
2017-04-21,5447.0,5428.398
2017-04-22,5637.0,5610.89
2017-04-23,5453.0,5314.9453
2017-04-24,5019.0,4467.758
2017-04-25,5031.0,4993.905
2017-04-26,4961.0,4268.3794
2017-04-27,4854.0,4754.7466
2017-04-28,4851.0,4594.1035
2017-04-29,4858.0,4829.16
2017-04-30,4553.0,4549.697
2017-05-13,5722.0,5677.1484
2017-05-14,5607.0,5603.2915
2017-05-15,5657.0,5604.137
2017-05-16,5912.0,5849.5273
2017-05-17,5957.0,5872.2554
2017-05-18,5756.0,5480.8335
2017-05-19,5769.0,5796.2446
2017-05-20,5733.0,5754.598
2017-05-21,5383.0,5418.9336
2017-05-22,5076.0,4645.1895
2017-05-23,4498.0,4566.5405
2017-05-24,5026.0,5210.701
2017-05-25,5554.0,5594.1055
2017-05-26,5762.0,5737.6616
2017-05-27,5902.0,5903.11
2017-05-28,5689.0,5663.902
2017-05-29,5514.0,5497.0527
2017-05-30,5254.0,5301.723
2017-05-31,5256.0,5283.6284
2017-06-13,5540.0,5657.3594
2017-06-14,5819.0,5791.508
2017-06-15,5927.0,5845.808
2017-06-16,5917.0,5914.559
2017-06-17,5879.0,5242.0767
2017-06-18,5005.0,5066.997
2017-06-19,5426.0,5440.137
2017-06-20,5376.0,5278.7417
2017-06-21,4644.0,5627.365
2017-06-22,4613.0,4839.941
2017-06-23,4829.0,4951.227
2017-06-24,5162.0,5208.4546
2017-06-25,5480.0,5665.375
2017-06-26,5574.0,5631.1924
2017-06-27,5929.0,5878.3447
2017-06-28,6180.0,6151.3135
2017-06-29,5900.0,5850.663
2017-06-30,4724.0,4784.172
2017-07-13,5220.0,5239.017
2017-07-14,5420.0,5451.2974
2017-07-15,5677.0,5682.185
2017-07-16,5571.0,5573.5493
2017-07-17,5622.0,5429.1323
2017-07-18,5468.0,5572.023
2017-07-19,5822.0,5832.796
2017-07-20,6020.0,6006.6865
2017-07-21,5733.0,5682.898
2017-07-22,5696.0,5625.6494
2017-07-23,5488.0,5496.2188
2017-07-24,4933.0,5277.971
2017-07-25,4963.0,4985.398
2017-07-26,4993.0,4985.9644
2017-07-27,5429.0,5430.6743
2017-07-28,5484.0,5529.022
2017-07-29,5443.0,5435.508
2017-07-30,5152.0,5132.0796
2017-07-31,5281.0,5305.9507
2017-08-13,5235.0,5259.002
2017-08-14,5239.0,5242.4326
2017-08-15,5387.0,5439.634
2017-08-16,5291.0,5329.209
2017-08-17,5810.0,5703.306
2017-08-18,5948.5,5881.479
2017-08-19,6087.0,6056.424
2017-08-20,5923.0,5771.973
2017-08-21,5549.0,5455.782
2017-08-22,5802.0,5776.277
2017-08-23,5578.0,5566.418
2017-08-24,5391.0,5274.815
2017-08-25,5441.0,5164.0317
2017-08-26,5401.0,5410.3057
2017-08-27,4940.0,4941.6475
2017-08-28,5105.0,5073.49
2017-08-29,5009.0,5089.1753
2017-08-30,5258.0,5270.005
2017-08-31,5217.0,5192.8877
2017-09-13,5474.0,5551.7334
2017-09-14,5583.0,5573.86
2017-09-15,5637.0,5643.583
2017-09-16,5453.0,5439.46
2017-09-17,5366.0,5215.662
2017-09-18,4897.0,5029.4287
2017-09-19,5553.0,5499.353
2017-09-20,5124.0,5125.8926
2017-09-21,5206.0,5142.115
2017-09-22,5258.0,5253.7783
2017-09-23,5015.0,4654.344
2017-09-24,3899.0,3966.7607
2017-09-25,3872.0,3947.9338
2017-09-26,4447.0,4583.704
2017-09-27,4580.0,4544.5464
2017-09-28,4690.0,4687.1514
2017-09-30,4785.0,4767.66
2017-10-13,4510.0,4437.7446
2017-10-14,4441.0,4203.941
2017-10-15,4088.0,4153.48
2017-10-16,3863.0,3903.2412
2017-10-17,4276.0,4188.894
2017-10-18,4132.0,4148.053
2017-10-19,4001.0,3951.559
2017-10-20,3504.0,3650.4739
2017-10-21,3468.0,3539.7312
2017-10-22,3472.0,3507.1096
2017-10-23,3555.0,3547.7642
2017-10-24,3823.0,3852.8242
2017-10-25,3826.0,3778.5415
2017-10-26,3763.0,3733.2515
2017-10-27,3641.0,3697.4302
2017-10-28,3721.0,3700.9563
2017-10-29,4085.0,3877.6782
2017-10-30,3279.0,3331.909
2017-10-31,3600.0,3580.096
2017-11-13,3133.0,3094.3293
2017-11-14,3312.0,3265.4907
2017-11-15,3331.0,3284.7478
2017-11-16,3301.0,3305.5208
2017-11-17,3326.0,3308.4834
2017-11-18,3439.0,3408.605
2017-11-19,3186.0,3206.908
2017-11-20,3196.0,3232.34
2017-11-21,3272.0,3289.6604
2017-11-22,3304.0,3332.492
2017-11-23,3269.0,3333.569
2017-11-24,3373.0,3385.2385
2017-11-25,3541.0,3479.9207
2017-11-26,3305.0,3296.176
2017-11-27,3362.0,3269.414
2017-11-28,3412.0,3390.3909
2017-11-29,3412.0,3392.4004
2017-11-30,3412.0,3381.6736
2017-12-13,3503.0,3421.0586
2017-12-14,3605.0,3592.8916
2017-12-15,3673.0,3637.505
2017-12-16,3901.0,3875.3513
2017-12-17,3706.0,3694.9539
2017-12-18,3838.0,3760.1755
2017-12-19,3778.0,3742.6765
2017-12-20,3637.0,3585.473
2017-12-21,3861.0,3799.5537
2017-12-22,3723.0,3741.5413
2017-12-23,3940.0,3949.9285
2017-12-24,3699.0,3722.2085
2017-12-25,3651.0,3623.9321
2017-12-26,3810.0,3790.981
2017-12-27,3791.0,3789.3271
2017-12-28,3844.0,3823.2688
2017-12-29,3716.0,3783.2854
2017-12-30,3971.0,3966.492
2017-12-31,3634.0,3738.654
2018-01-01,3664.0,4125.604
2018-01-02,3954.0,3971.1575
2018-01-03,3959.0,3970.4312
2018-01-04,4217.0,4219.996
2018-01-05,4022.0,4016.722
2018-01-06,4064.5,4065.6826
2018-01-07,4107.0,3957.13
2018-01-08,4017.0,3977.8323
2018-01-09,4181.0,4132.435
2018-01-10,4124.0,4120.3647
2018-01-11,4214.0,4162.901
2018-01-12,4117.0,4047.7236
2018-01-13,4205.0,3993.8855
2018-01-14,3926.0,3940.4768
2018-01-15,3932.0,3978.082
2018-01-16,3970.0,3913.5754
2018-01-17,3839.0,3921.6887
2018-01-18,4003.0,4033.182
2018-01-19,3929.0,3944.1802
2018-01-20,3959.0,3957.109
2018-01-21,3771.0,3776.431
2018-01-22,3854.0,3892.25
2018-01-23,3857.0,3871.5732
2018-01-24,3736.0,3936.2358
2018-01-25,4043.0,4003.6653
2018-01-26,3981.0,3864.609
2018-01-27,3542.0,3658.793
2018-01-28,3887.0,3835.6008
2018-01-29,3985.0,3921.6318
2018-01-30,4030.0,3965.9175
2018-01-31,3814.0,3828.5396
2018-02-01,3968.0,3895.165
2018-02-02,3968.0,3925.7666
2018-02-03,3707.0,3834.7788
2018-02-04,3592.0,3635.437
2018-02-05,3682.0,3680.4978
2018-02-06,3725.0,3782.3025
2018-02-07,3743.0,3743.3894
2018-02-08,3794.0,3767.1213
2018-02-09,3707.0,3750.5164
2018-02-10,3880.0,3845.9373
2018-02-11,3708.0,3600.0833
2018-02-12,3671.0,3704.9382
2018-02-13,3695.0,3718.6052
2018-02-14,3780.0,3777.0488
2018-02-15,3924.0,3823.7444
2018-02-16,3638.0,3711.6643
2018-02-17,3809.0,3760.5625
2018-02-18,3532.0,3555.503
2018-02-19,3554.0,3479.5366
2018-02-20,3539.0,3536.287
2018-02-21,3533.0,3533.8545
2018-02-22,3485.0,3433.0596
2018-02-23,3430.0,3500.1277
2018-02-24,3520.0,3454.2522
2018-02-25,3337.0,3419.7935
2018-02-26,3314.0,3326.4832
2018-02-27,3369.0,3402.5193
2018-02-28,3398.0,3393.6497
2018-03-01,3498.0,3423.5742
2018-03-02,3441.0,3345.9119
2018-03-03,2347.0,2561.78
2018-03-04,2887.0,3322.2498
2018-03-05,3043.0,3269.6033
2018-03-06,3251.0,3294.8105
2018-03-07,3256.0,3399.5396
2018-03-08,3298.0,3267.8438
2018-03-09,3330.0,3328.7778
2018-03-10,3432.0,3356.2551
2018-03-11,3234.0,3204.6545
2018-03-12,3161.0,3119.9172
2018-03-13,3388.0,3334.4597
2018-03-14,3424.0,3432.2434
2018-03-15,3558.0,3585.8376
2018-03-16,3539.0,3512.014
2018-03-17,3560.0,3455.1577
2018-03-18,3256.0,3224.9185
2018-03-19,3112.0,3193.3975
2018-03-20,3446.0,3406.6118
2018-03-21,3506.0,3561.7727
2018-03-22,3541.0,3518.5613
2018-03-23,3523.0,3422.6458
2018-03-24,3576.0,3538.604
2018-03-25,3295.0,3311.0596
2018-03-26,3045.0,3110.3105
2018-03-27,3572.0,3503.1008
2018-03-28,3688.0,3694.245
2018-03-29,3654.0,3634.862
2018-03-30,3659.0,3704.441
2018-03-31,3675.0,3577.9038
2018-04-01,3564.0,3627.627
2018-04-02,3369.0,3452.5298
2018-04-03,3885.0,3900.6565
2018-04-04,4024.0,3979.1543
2018-04-05,4187.0,4212.8164
2018-04-06,4339.0,4223.176
2018-04-07,4318.0,3641.9136
2018-04-08,3593.0,3998.3367
2018-04-09,3596.0,3619.0786
2018-04-10,3727.0,3756.342
2018-04-11,3983.0,3984.5232
2018-04-12,3888.0,3913.3977
2018-04-13,3841.0,3736.2776
2018-04-14,3833.0,3763.506
2018-04-15,3615.0,3735.666
2018-04-16,3806.0,3835.7285
2018-04-17,4168.0,4238.2544
2018-04-18,4380.0,4422.9985
2018-04-19,4437.0,4375.8096
2018-04-20,4628.0,4627.403
2018-04-21,4630.0,4515.892
2018-04-22,4195.0,4202.2026
2018-04-23,3821.0,3817.922
2018-04-24,4147.0,4191.2544
2018-04-25,4373.0,4371.134
2018-04-26,4596.0,4648.6885
2018-04-27,4857.0,4887.05
2018-04-28,5094.0,5057.1543
2018-04-29,4862.0,4880.8276
2018-04-30,4796.0,4833.5747
2018-05-01,5181.0,5127.755
2018-05-02,5090.0,5048.504
2018-05-03,5149.0,5121.6475
2018-05-04,4552.0,4598.9443
2018-05-05,4789.0,4863.136
2018-05-06,4747.0,4771.3853
2018-05-07,4894.0,4683.4385
2018-05-08,4968.0,4954.4233
2018-05-09,4687.0,4672.0254
2018-05-10,4730.0,4040.9092
2018-05-11,4881.0,4953.7505
2018-05-12,5272.0,5965.134
2018-05-13,5364.0,5386.7573
2018-05-14,5338.0,5114.2915
2018-05-15,4896.0,5054.398
2018-05-16,5289.0,5282.455
2018-05-17,5328.0,5606.457
2018-05-18,5342.0,5389.9644
2018-05-19,5537.0,5518.8555
2018-05-20,5448.0,5445.949
2018-05-21,5282.0,5250.0938
2018-05-22,5532.0,5648.205
2018-05-23,5735.0,5676.7007
2018-05-24,6029.0,5641.291
2018-05-25,5949.0,5516.651
2018-05-26,5912.0,5864.4077
2018-05-27,5822.0,5815.8394
2018-05-28,5835.0,5867.2505
2018-05-29,6149.0,6183.852
2018-05-30,6254.0,6353.199
2018-05-31,6343.0,6269.532
2018-06-01,6346.0,6176.2163
2018-06-02,6570.0,6307.139
2018-06-03,5686.0,5754.594
2018-06-04,5833.0,6296.9375
2018-06-05,6325.0,6357.197
2018-06-06,6535.0,5939.7866
2018-06-07,6372.0,6311.69
2018-06-08,6492.0,6520.3867
2018-06-09,6913.0,6902.956
2018-06-10,6326.0,6252.7524
2018-06-11,5884.0,6144.845
2018-06-12,6317.0,6392.242
2018-06-13,6623.0,6676.4106
2018-06-14,6614.0,6639.351
2018-06-15,6540.0,6511.4663
2018-06-16,6429.0,6412.9214
2018-06-17,6254.0,5806.324
2018-06-18,6001.0,5963.337
2018-06-19,5694.0,5620.324
2018-06-20,5900.0,5979.8804
2018-06-21,6204.0,6229.2886
2018-06-22,6330.0,6353.3486
2018-06-23,6619.0,6612.557
2018-06-24,6462.0,6450.201
2018-06-25,6275.0,6259.5186
2018-06-26,6750.0,6710.233
2018-06-27,6512.0,6048.3174
2018-06-28,6068.0,6093.8057
2018-06-29,5559.0,5611.6875
2018-06-30,5400.0,5531.052
2018-07-01,5621.0,5595.002
2018-07-02,5759.0,5801.99
2018-07-03,6128.0,5572.4976
2018-07-04,5968.0,5989.8467
2018-07-05,5955.0,6018.118
2018-07-06,6193.0,6173.88
2018-07-07,6094.0,6255.553
2018-07-08,6058.0,6069.554
2018-07-09,6373.0,6380.9277
2018-07-10,6924.0,6810.1772
2018-07-11,6893.0,6310.0776
2018-07-12,6503.0,6249.658
2018-07-13,6573.0,6471.313
2018-07-14,6030.0,6034.106
2018-07-15,5234.0,5314.042
2018-07-16,5760.0,5736.7495
2018-07-17,5663.0,5727.287
2018-07-18,6216.0,6200.6377
2018-07-19,6270.0,6269.095
2018-07-20,6365.0,6327.2036
2018-07-21,6034.0,6003.4204
2018-07-22,5562.0,5565.124
2018-07-23,4996.0,5337.6753
2018-07-24,5556.0,5602.465
2018-07-25,5990.0,5968.5723
2018-07-26,5734.0,5707.4785
2018-07-27,5307.0,5327.216
2018-07-28,4811.0,4792.153
2018-07-29,4424.0,4534.6426
2018-07-30,5290.0,5529.9497
2018-07-31,5597.0,5580.277
2018-08-01,5388.0,5331.9585
2018-08-02,5742.0,5759.7925
2018-08-03,5893.0,5798.488
2018-08-04,5637.0,5733.0933
2018-08-05,5615.0,5621.1006
2018-08-06,5555.0,5517.1533
2018-08-07,5044.0,5039.788
2018-08-08,5081.0,5179.309
2018-08-09,5355.0,5356.859
2018-08-10,5822.0,5958.6133
2018-08-11,5731.0,5736.3955
2018-08-12,5755.0,5939.8237
2018-08-13,5591.0,5600.2715
2018-08-14,5629.0,5667.658
2018-08-15,5777.0,5654.108
2018-08-16,5665.0,5610.366
2018-08-17,5773.0,5740.9854
2018-08-18,5890.0,5678.9365
2018-08-19,5704.0,5693.7446
2018-08-20,5357.0,5376.8267
2018-08-21,5752.0,5694.416
2018-08-22,5852.0,5767.478
2018-08-23,5687.0,5672.319
2018-08-24,5687.0,5665.5747
2018-08-25,5453.0,5435.9136
2018-08-26,5253.0,5263.483
2018-08-27,5122.0,5199.458
2018-08-28,5378.0,5342.9697
2018-08-29,5152.0,5581.661
2018-08-30,5049.0,5073.8057
2018-08-31,5530.0,5605.7134
2018-09-01,5556.0,5584.971
2018-09-02,5346.0,5306.297
2018-09-03,4577.0,4562.462
2018-09-04,4059.0,4231.4136
2018-09-05,4507.0,4575.127
2018-09-06,4565.0,4685.8945
2018-09-07,5052.0,5278.9487
2018-09-08,4807.0,4843.076
2018-09-09,4314.0,4338.379
2018-09-10,4203.0,4195.7505
2018-09-11,4669.0,4660.4873
2018-09-12,5037.0,4967.0312
2018-09-13,5064.0,5215.017
2018-09-14,5113.0,5019.8916
2018-09-15,5010.0,4995.457
2018-09-16,4856.0,4848.105
2018-09-17,4823.0,4902.059
2018-09-18,5075.0,4928.7344
2018-09-19,5075.0,5004.335
2018-09-20,5047.0,4988.351
2018-09-21,5143.0,5125.957
2018-09-22,4976.0,4934.024
2018-09-23,4253.0,4801.3213
2018-09-24,3930.0,3973.987
2018-09-25,4188.0,4154.928
2018-09-26,3965.0,3914.609
2018-09-27,4151.0,4193.8804
2018-09-28,4266.0,4692.352
2018-09-29,4398.0,4450.655
2018-09-30,4393.0,4425.723
2018-10-01,4121.0,4183.2236
2018-10-02,4513.0,4518.545
2018-10-03,4164.0,4310.4097
2018-10-04,4572.0,4619.455
2018-10-05,4612.0,4624.304
2018-10-06,4614.0,4511.45
2018-10-07,4188.0,4125.0767
2018-10-08,3954.0,3875.6628
2018-10-09,4321.0,4345.8364
2018-10-10,4403.0,4438.9165
2018-10-11,4559.0,4497.456
2018-10-12,4369.0,4116.7695
2018-10-13,4049.0,3999.0432
2018-10-14,3746.0,3817.238
2018-10-15,3450.0,3609.2017
2018-10-16,3837.0,3871.1333
2018-10-17,3966.0,4027.3677
2018-10-18,3970.0,4012.9587
2018-10-19,3986.0,3699.3408
2018-10-20,3335.0,3468.0195
2018-10-21,3651.0,3592.6787
2018-10-22,3421.0,3430.1243
2018-10-23,3652.0,3601.714
2018-10-24,3720.0,3621.4717
2018-10-25,3761.0,3704.4722
2018-10-26,3752.0,3380.2722
2018-10-27,3676.0,3660.7656
2018-10-28,3450.0,3495.1404
2018-10-29,3301.0,3331.6855
2018-10-30,3582.0,3575.427
2018-10-31,3664.0,3495.9028
2018-11-01,3694.0,3671.1846
2018-11-02,3660.0,3621.1946
2018-11-03,3646.0,3644.5383
2018-11-04,3450.0,3448.1785
2018-11-05,3222.0,3210.6008
2018-11-06,3389.0,3333.841
2018-11-07,3332.0,3313.841
2018-11-08,2698.0,2969.8684
2018-11-09,2609.0,3315.2659
2018-11-10,3111.0,3280.2944
2018-11-11,3012.0,3086.8733
2018-11-12,2932.0,2934.5105
2018-11-13,3203.0,3257.638
2018-11-14,3308.0,3310.2478
2018-11-15,3248.0,3301.6648
2018-11-16,3292.0,3386.1448
2018-11-17,3387.0,3342.877
2018-11-18,3185.0,3162.3545
2018-11-19,3179.0,3179.2712
2018-11-20,3254.0,3283.9563
2018-11-21,3207.0,3243.9888
2018-11-22,3460.0,3311.6633
2018-11-23,3230.0,3366.1443
2018-11-24,3460.0,3392.2554
2018-11-25,3178.0,3232.51
2018-11-26,3302.0,3318.0981
2018-11-27,3318.0,3282.495
2018-11-28,3302.0,3236.0764
2018-11-29,3309.0,3373.463
2018-11-30,3394.0,3396.1997
2018-12-01,3571.0,3495.1265
2018-12-02,3290.0,3310.505
2018-12-03,3311.0,3331.2166
2018-12-04,3350.0,3421.524
2018-12-05,3438.0,3449.2075
2018-12-06,3437.0,3465.2888
2018-12-07,3521.0,3513.1272
2018-12-08,3594.0,3583.8098
2018-12-09,3538.0,3387.362
2018-12-10,3509.0,3445.9775
2018-12-11,3457.0,3482.6912
2018-12-12,3567.0,3548.2827
2018-12-13,3608.0,3621.6619
2018-12-14,3607.0,3577.1484
2018-12-15,3707.0,3686.7266
2018-12-16,3637.0,3589.997
2018-12-17,3696.0,3688.4832
2018-12-18,3718.0,3683.543
2018-12-19,3756.0,3739.5212
2018-12-20,3696.0,3758.3545
2018-12-21,3805.0,3846.7651
2018-12-22,4031.0,3932.2148
2018-12-23,3755.0,3842.961
2018-12-24,3901.0,3852.623
2018-12-25,3963.0,3972.3125
2018-12-26,3927.0,3926.0266
2018-12-27,3900.0,3925.8977
2018-12-28,4057.0,4209.507
2018-12-29,4396.0,4378.704
2018-12-30,4170.0,4149.7646
2018-12-31,4120.0,4141.298
2019-01-01,4292.0,4437.796
2019-01-02,4336.0,4328.52
2019-01-03,4183.0,4237.959
2019-01-04,4241.0,4236.253
2019-01-05,4413.0,4388.9497
2019-01-06,4093.0,4080.8499
2019-01-07,3922.0,3999.1655
2019-01-08,4212.0,4180.6855
2019-01-09,4167.0,4156.588
2019-01-10,4234.0,4259.3354
2019-01-11,4194.0,4332.7217
2019-01-12,4336.0,4299.6865
2019-01-13,4104.0,4049.5962
2019-01-14,3975.0,3979.8196
2019-01-15,4222.0,4182.5034
2019-01-16,4256.0,4229.9233
2019-01-17,4254.0,4262.165
2019-01-18,4120.0,4184.048
2019-01-19,4248.0,4248.0776
2019-01-20,4008.0,4000.9312
2019-01-21,4064.0,4041.1338
2019-01-22,3907.0,3956.1304
2019-01-23,3851.0,4201.0654
2019-01-24,4147.0,4121.7285
2019-01-25,3984.0,4222.071
2019-01-26,4145.0,4106.436
2019-01-27,3474.0,3566.4712
2019-01-28,4013.0,3964.6316
2019-01-29,4179.0,4149.7163
2019-01-30,4197.0,4172.0127
2019-01-31,4295.0,4169.8325
2019-02-01,4141.0,4117.4785
2019-02-02,4284.0,4277.307
2019-02-03,4110.0,4092.7341
2019-02-04,4194.0,4191.064
2019-02-05,4197.0,4125.875
2019-02-06,4059.0,4065.4531
2019-02-07,4097.0,4119.5913
2019-02-08,4013.0,4099.05
2019-02-09,4172.0,4157.9185
2019-02-10,4008.0,3921.1426
2019-02-11,3973.0,3976.09
2019-02-12,3902.0,3944.0527
2019-02-13,3945.0,3957.5137
2019-02-14,3933.0,3990.5078
2019-02-15,3867.0,3880.1072
2019-02-16,4049.0,3993.3896
2019-02-17,3835.0,3828.0466
2019-02-18,3975.0,3934.7327
2019-02-19,3798.0,3835.9788
2019-02-20,3904.0,3886.4333
2019-02-21,3818.0,3738.7583
2019-02-22,3819.0,3807.3635
2019-02-23,3825.0,3788.6943
2019-02-24,3634.0,3636.1846
2019-02-25,3681.0,3718.626
2019-02-26,3597.0,3640.304
2019-02-27,3713.0,3895.9749
2019-02-28,3844.0,3862.1792
2019-03-01,3824.0,3751.85
2019-03-02,3952.0,3943.0745
2019-03-03,3695.0,3682.5618
2019-03-04,3743.0,3698.8997
2019-03-05,3943.0,3802.6763
2019-03-06,3668.0,3627.3057
2019-03-07,3792.0,3691.1538
2019-03-08,3602.0,3621.3528
2019-03-09,3791.0,3644.8904
2019-03-10,3440.0,3434.455
2019-03-11,3434.0,3417.1694
2019-03-12,3529.0,3460.4536
2019-03-13,3394.0,3439.8154
2019-03-14,3557.0,3656.3767
2019-03-15,3581.0,3578.1968
2019-03-16,3745.0,3622.1282
2019-03-17,3440.0,3429.5063
2019-03-18,3378.0,3363.3096
2019-03-19,3387.0,3427.8706
2019-03-20,3445.0,3440.1462
2019-03-21,3505.0,3458.2559
2019-03-22,2278.0,3216.3699
2019-03-23,3027.0,3175.475
2019-03-24,3071.0,3155.4585
2019-03-25,3114.0,3264.9463
2019-03-26,3273.0,3287.5283
2019-03-27,3370.0,3323.718
2019-03-28,3409.0,3342.703
2019-03-29,3456.0,3533.5737
2019-03-30,3706.0,3969.742
2019-03-31,3602.0,3599.914
2019-04-01,3238.0,3419.4421
2019-04-02,3505.0,3526.0862
2019-04-03,3598.0,3563.3918
2019-04-04,3741.0,3781.8367
2019-04-05,4023.0,4034.1233
2019-04-06,4218.0,4156.7427
2019-04-07,3876.0,4008.908
2019-04-08,3902.0,3855.1682
2019-04-09,4119.0,4033.4517
2019-04-10,4229.0,4132.5635
2019-04-11,4304.0,4326.1577
2019-04-12,4613.0,4287.7656
2019-04-13,4507.0,4041.7021
2019-04-14,4134.0,4103.5137
2019-04-15,4163.0,4234.076
2019-04-16,4738.0,4641.991
2019-04-17,4472.0,4287.129
2019-04-18,3644.0,3595.9421
2019-04-19,3671.0,3665.6648
2019-04-20,3638.0,3647.5405
2019-04-21,3696.0,3858.423
2019-04-22,3843.0,3990.3188
2019-04-23,4525.0,4706.4766
2019-04-24,4802.0,4904.1763
2019-04-25,5243.0,5248.017
2019-04-26,5468.0,5348.6836
2019-04-27,5270.0,5162.724
2019-04-28,4947.0,5066.739
2019-04-29,4886.0,4887.4756
2019-04-30,5334.0,5307.3306
2019-05-01,5634.0,5580.884
2019-05-02,5608.0,5624.647
2019-05-03,5715.0,5686.9517
2019-05-04,5284.0,4606.0854
2019-05-05,4836.0,4662.3486
2019-05-06,4903.0,4896.9023
2019-05-07,5209.0,5260.1104
2019-05-08,5419.0,5443.6997
2019-05-09,5598.0,5617.9023
2019-05-10,5695.0,5912.2817
2019-05-11,5792.0,5654.919
2019-05-12,5439.0,5486.702
2019-05-13,5438.0,5500.321
2019-05-14,5482.0,5387.8926
2019-05-15,5327.0,5374.434
2019-05-16,5172.0,5145.5127
2019-05-17,4904.0,4674.467
2019-05-18,4855.0,4705.356
2019-05-19,4199.0,4343.6294
2019-05-20,4493.0,4573.394
2019-05-21,5165.0,5177.159
2019-05-22,5416.0,5433.7393
2019-05-23,5527.0,5823.6377
2019-05-24,5642.0,5598.082
2019-05-25,5052.0,5130.341
2019-05-26,5037.0,5109.6235
2019-05-27,5097.0,5380.8706
2019-05-28,5499.0,5379.645
2019-05-29,5701.0,5804.616
2019-05-30,5966.0,6066.4487
2019-05-31,6207.0,6145.667
2019-06-01,6371.0,6399.2915
2019-06-02,6386.0,6390.3804
2019-06-03,6507.0,6351.861
2019-06-04,6526.0,6452.1143
2019-06-05,6479.0,6441.878
2019-06-06,6401.0,6425.8413
2019-06-07,6591.0,6531.284
2019-06-08,6400.0,6409.806
2019-06-09,6367.0,6296.267
2019-06-10,6293.0,6340.017
2019-06-11,6602.0,6619.0415
2019-06-12,6711.0,6670.8765
2019-06-13,6795.0,6711.7944
2019-06-14,6731.0,6696.8716
2019-06-15,6537.0,6463.6597
2019-06-16,6515.0,6469.571
2019-06-17,6389.0,6391.677
2019-06-18,5920.0,5909.3423
2019-06-19,4989.0,5468.912
2019-06-20,5172.0,5167.7266
2019-06-21,5532.0,5631.6553
2019-06-22,5889.0,6331.2183
2019-06-23,5910.0,5906.072
2019-06-24,6113.0,5971.337
2019-06-25,5876.0,5901.941
2019-06-26,6393.0,6452.191
2019-06-27,6553.0,6529.8086
2019-06-28,6469.0,6533.1636
2019-06-29,6567.0,6587.1445
2019-06-30,6664.0,6623.7017
2019-07-01,6623.0,6649.893
2019-07-02,7135.0,7021.3906
2019-07-03,7254.0,6700.2227
2019-07-04,6977.0,6879.6597
2019-07-05,6877.0,6857.0513
2019-07-06,6118.0,6095.296
2019-07-07,5908.0,5966.4736
2019-07-08,6192.0,6137.2627
2019-07-09,6305.0,6233.41
2019-07-10,6172.0,6189.1143
2019-07-11,6570.0,6610.1406
2019-07-12,6826.0,6825.3735
2019-07-13,6744.0,6744.765
2019-07-14,6643.0,6583.955
2019-07-15,6486.0,6503.8384
2019-07-16,5965.0,5879.229
2019-07-17,5001.0,5049.168
2019-07-18,4826.0,4972.779
2019-07-19,4656.0,4964.1685
2019-07-20,5699.0,5723.189
2019-07-21,5508.0,5479.386
2019-07-22,5184.0,5210.75
2019-07-23,5767.0,5832.139
2019-07-24,6444.0,6411.216
2019-07-25,6535.0,6475.0664
2019-07-26,5632.0,5674.6094
2019-07-27,5100.0,5145.9863
2019-07-28,4666.0,4795.0713
2019-07-29,5048.0,5614.8647
2019-07-30,5548.0,5532.1875
2019-07-31,5644.0,5682.286
2019-08-01,5748.0,5818.5996
2019-08-02,5918.0,5890.761
2019-08-03,5790.0,5768.134
2019-08-04,5444.0,5574.261
2019-08-05,5526.0,5552.0254
2019-08-06,5992.0,5983.963
2019-08-07,5696.0,5663.2383
2019-08-08,5490.0,5550.779
2019-08-09,6090.0,6099.071
2019-08-10,5873.0,5651.128
2019-08-11,5408.0,5428.0376
2019-08-12,5749.0,5732.7246
2019-08-13,5673.0,5597.6367
2019-08-14,5587.0,5552.32
2019-08-15,5425.0,5404.5835
2019-08-16,5331.0,5418.318
2019-08-17,5073.0,5068.8257
2019-08-18,4917.0,4953.1694
2019-08-19,4408.0,4608.9224
2019-08-20,5175.0,5273.9326
2019-08-21,5353.0,5382.3247
2019-08-22,5786.0,5750.203
2019-08-23,5509.0,5558.8945
2019-08-24,5783.0,5868.7725
2019-08-25,5616.0,5582.4355
2019-08-26,4836.0,4842.5605
2019-08-27,5612.0,5757.586
2019-08-28,6058.0,6062.4893
2019-08-29,6254.0,6237.4824
2019-08-30,6363.0,6288.322
2019-08-31,6391.0,6399.4077
2019-09-01,6226.0,6148.726
2019-09-02,6097.0,6016.2856
2019-09-03,6153.0,6096.6963
2019-09-04,6323.0,6009.357
2019-09-05,6251.0,6118.7305
2019-09-06,6155.0,6162.5283
2019-09-07,6134.0,6135.0273
2019-09-08,5838.0,5841.764
2019-09-09,6018.0,6107.4707
2019-09-10,6231.0,6196.31
2019-09-11,6348.0,6218.014
2019-09-12,6575.0,6562.787
2019-09-13,6502.0,5965.207
2019-09-14,6334.0,6235.0005
2019-09-15,6157.0,5704.7354
2019-09-16,5795.0,5796.9116
2019-09-17,6155.0,6099.2944
2019-09-18,6027.0,5195.2793
2019-09-19,5829.0,5622.173
2019-09-20,5526.0,5506.96
2019-09-21,5365.0,5354.6724
2019-09-22,5244.0,5162.9985
2019-09-23,4623.0,4086.6912
2019-09-24,4613.0,4605.48
2019-09-25,4733.0,4720.428
2019-09-26,4851.0,5152.484
2019-09-27,4766.0,5051.023
2019-09-28,4682.0,4693.0347
2019-09-29,4276.0,4375.711
2019-09-30,3909.0,3993.3826
2019-10-01,4251.0,4265.978
2019-10-02,4424.0,4354.5684
2019-10-03,3831.0,4553.8105
2019-10-04,4549.0,4412.3833
2019-10-05,4312.0,4296.6763
2019-10-06,3925.0,3940.5452
2019-10-07,3690.0,3777.6096
2019-10-08,3943.0,3921.6628
2019-10-09,3346.0,3544.9226
2019-10-10,4012.0,4115.9463
2019-10-11,4112.0,4101.154
2019-10-12,4087.0,4062.4106
2019-10-13,3902.0,3908.4993
2019-10-14,3731.0,3663.6194
2019-10-15,3999.5,4004.264
2019-10-16,4268.0,4263.5684
2019-10-17,4227.0,4281.5723
2019-10-18,4276.0,4301.3384
2019-10-19,4341.0,4288.1943
2019-10-20,3907.0,3824.2524
2019-10-21,3595.0,3578.1204
2019-10-22,3889.0,3825.7922
2019-10-23,3803.0,3826.3484
2019-10-24,3782.0,3747.8884
2019-10-25,3859.0,3846.4512
2019-10-26,3810.0,3734.5547
2019-10-27,3410.0,3510.0405
2019-10-28,3006.0,3185.2148
2019-10-29,2861.0,2968.159
2019-10-30,3119.0,3750.0576
2019-10-31,3648.0,3706.9976
2019-11-01,3464.0,3486.669
2019-11-02,3434.0,3444.4934
2019-11-03,3251.0,3361.2961
2019-11-04,3099.0,3100.6628
2019-11-05,3512.0,3506.8425
2019-11-06,3476.0,3496.173
2019-11-07,3560.0,3570.1167
2019-11-08,3399.0,3341.7505
2019-11-09,3393.0,3375.4216
2019-11-10,3142.0,3161.081
2019-11-11,3083.0,3108.747
2019-11-12,3234.0,3238.5186
2019-11-13,3217.0,3284.2827
2019-11-14,3265.0,3230.1184
2019-11-15,3426.5,3394.3994
2019-11-16,3588.0,3505.832
2019-11-17,3230.0,3225.5894
2019-11-18,3276.3333333333335,3284.2698
2019-11-19,3322.6666666666665,3353.0967
2019-11-20,3369.0,3349.3342
2019-11-21,3369.0,3386.3887
2019-11-22,3337.0,3366.7725
2019-11-23,3484.0,3441.4504
2019-11-24,3280.0,3318.6223
2019-11-25,3330.0,3292.2527
2019-11-26,3329.0,3314.3179
2019-11-27,3374.0,3404.6992
2019-11-28,3457.0,3489.6248
2019-11-29,3384.0,3528.7832
2019-11-30,3508.0,3527.4692
2019-12-01,3358.0,3420.7598
2019-12-02,3249.0,3360.456
2019-12-03,3420.0,3454.6116
2019-12-04,3490.0,3507.0757
2019-12-05,3583.0,3580.6301
2019-12-06,3526.0,3595.8381
2019-12-07,3696.0,3586.7878
2019-12-08,3469.0,3499.8643
2019-12-09,3548.0,3505.472
2019-12-10,3537.0,3656.618
2019-12-11,3607.0,3572.0051
2019-12-12,3722.0,3719.7725
2019-12-13,3645.0,3795.1729
2019-12-14,3900.0,3851.0945
2019-12-15,3817.0,3782.5522
2019-12-16,3819.0,3793.711
2019-12-17,3868.0,4019.1765
2019-12-18,4028.0,4009.9978
2019-12-19,4162.0,4179.5024
2019-12-20,4181.0,4168.44
2019-12-21,4486.0,4404.747
2019-12-22,4120.0,4157.063
2019-12-23,4028.0,4092.9514
2019-12-24,4486.0,4452.556
2019-12-25,4477.0,4604.8916
2019-12-26,4700.0,4622.3384
2019-12-27,4740.0,4720.7056
2019-12-28,4872.0,4845.2334
2019-12-29,4630.0,4647.74
2019-12-30,4691.0,4849.4893
2019-12-31,5001.0,4958.039
2020-01-01,5149.0,5074.0894
2020-01-02,5210.0,5089.0093
2020-01-03,4690.0,4701.768
2020-01-04,4728.0,4696.4355
2020-01-05,4215.0,4251.071
2020-01-06,4182.0,4257.9917
2020-01-07,4341.0,4335.393
2020-01-08,4338.0,4299.3945
2020-01-09,4282.0,4283.236
2020-01-10,4586.0,4584.104
2020-01-11,4802.0,4773.1445
2020-01-12,4522.0,4468.001
2020-01-13,4262.0,4249.3325
2020-01-14,4392.0,4386.283
2020-01-15,4446.0,4458.6133
2020-01-16,4500.0,4402.792
2020-01-17,4361.0,4343.5107
2020-01-18,4590.0,4535.4526
2020-01-19,4256.0,4425.902
2020-01-20,4566.0,4543.599
2020-01-21,4548.0,4535.8774
2020-01-22,4442.0,4463.2583
2020-01-23,4604.0,4561.9473
2020-01-24,4382.0,4394.5435
2020-01-25,4613.0,4400.3384
2020-01-26,4267.0,4264.891
2020-01-27,3729.0,4108.631
2020-01-28,4191.0,4178.0776
2020-01-29,4225.0,4209.5366
2020-01-30,4323.0,4301.139
2020-01-31,4079.0,4155.372
2020-02-01,4401.0,4398.9106
2020-02-02,4006.0,4014.3704
2020-02-03,4188.0,4216.7456
2020-02-04,4223.0,4227.1187
2020-02-05,4083.0,4133.1646
2020-02-06,4129.0,4168.6396
2020-02-07,4193.0,4200.767
2020-02-08,4434.0,4306.326
2020-02-09,3687.0,3755.0435
2020-02-10,4323.0,4301.7007
2020-02-11,4052.0,4093.758
2020-02-12,4098.0,4138.4365
2020-02-13,4149.0,4086.8633
2020-02-14,3938.0,3862.164
2020-02-15,3896.3333333333335,3846.8164
2020-02-16,3854.6666666666665,3817.641
2020-02-17,3813.0,3819.126
2020-02-18,3718.0,3718.1714
2020-02-19,3816.0,3812.3794
2020-02-20,3827.0,3782.6816
2020-02-21,3693.0,3673.528
2020-02-22,4141.0,4122.6255
2020-02-23,3592.0,3600.7583
2020-02-24,3561.0,3667.4026
2020-02-25,3587.0,3632.2466
2020-02-26,4225.0,3885.1536
2020-02-27,3563.0,3594.7651
2020-02-28,3461.0,3117.959
2020-02-29,3599.0,3518.842
2020-03-01,3322.0,3353.6877
2020-03-02,3326.0,3309.9907
2020-03-03,3310.0,3366.6316
2020-03-04,3406.0,3413.453
2020-03-05,3457.0,3414.4253
2020-03-06,3475.0,3482.9697
2020-03-07,3682.0,3669.549
2020-03-08,3517.0,3501.1006
2020-03-09,3427.0,3400.7314
2020-03-10,3524.0,3444.7537
2020-03-11,2292.0,2617.7664
2020-03-12,3121.0,3182.5337
2020-03-13,3419.0,3357.9685
2020-03-14,3493.0,3349.4976
2020-03-15,3306.0,3355.5657
2020-03-16,3322.0,3346.9705
2020-03-17,3433.0,3367.459
2020-03-18,3420.0,3265.6433
2020-03-19,3439.0,3394.2146
2020-03-20,3413.0,3327.4255
2020-03-21,3451.0,3353.516
2020-03-22,3215.0,3153.5532
2020-03-23,2282.0,2628.4524
2020-03-24,2448.0,2466.7974
2020-03-25,2379.0,2457.306
2020-03-26,2419.0,2401.4583
2020-03-27,2273.0,2330.5005
2020-03-28,2425.0,2476.4875
2020-03-29,2241.0,2296.6355
2020-03-30,2241.0,2267.8276
2020-03-31,2302.0,2340.2146
2020-04-01,2302.0,2391.0303
2020-04-02,2413.0,2405.7102
2020-04-03,2294.0,2367.9368
2020-04-04,2239.0,2258.6062
2020-04-05,2139.0,2252.315
2020-04-06,2196.0,2208.2993
2020-04-07,2193.0,2554.3665
2020-04-08,2193.0,2256.0325
2020-04-09,2193.0,2258.7158
2020-04-10,2226.0,2426.548
2020-04-11,2300.0,2285.0771
2020-04-12,2384.0,2361.0708
2020-04-13,2719.0,2663.6711
2020-04-14,3007.0,3019.4275
2020-04-15,2997.0,3338.1897
2020-04-16,3078.5,3044.4438
2020-04-17,3160.0,3169.86
2020-04-18,3114.0,3114.6057
2020-04-19,3082.0,3042.1938
2020-04-20,2935.0,2778.869
2020-04-21,2729.0,2692.8027
2020-04-22,2876.0,2834.5974
2020-04-23,2853.0,2899.1025
2020-04-24,2853.0,2920.928
2020-04-25,3048.0,3031.2534
2020-04-26,3094.0,3142.9915
2020-04-27,3072.0,2992.8489
2020-04-28,2947.0,2953.2332
2020-04-29,3174.0,3140.366
2020-04-30,3309.0,3330.3584
2020-05-01,3309.0,3950.9712
2020-05-02,3461.0,3479.2952
2020-05-03,3471.0,3512.2874
2020-05-04,3454.0,3397.9583
2020-05-05,3398.0,3424.2222
2020-05-06,3382.0,3378.5657
2020-05-07,3388.0,3398.531
2020-05-08,3388.0,3429.0483
2020-05-09,3745.0,4562.548
2020-05-10,4038.0,3983.6025
2020-05-11,4029.0,4067.0486
2020-05-12,3558.0,3873.4175
2020-05-13,3747.0,3825.264
2020-05-14,3648.0,3638.5776
2020-05-15,3667.0,3803.6182
2020-05-16,3848.0,3863.7542
2020-05-17,3848.0,3887.3054
2020-05-18,3968.0,3884.165
2020-05-19,4079.0,4140.403
2020-05-20,4096.0,4230.5205
2020-05-21,4216.0,4293.2275
2020-05-22,4884.0,4839.6904
2020-05-23,5003.0,4949.4688
2020-05-24,5219.0,5195.7427
2020-05-25,5219.0,5199.1826
2020-05-26,5331.0,5333.4253
2020-05-27,5421.0,5420.9224
2020-05-28,5423.0,5443.0835
2020-05-29,5403.0,5293.8965
2020-05-30,4075.0,4516.723
2020-05-31,4096.0,4055.0017
2020-06-01,3765.0,3821.0854
2020-06-02,4037.0,4047.7646
2020-06-03,4227.0,4232.5015
2020-06-04,4186.0,4262.076
2020-06-05,4186.0,4849.093
2020-06-06,3895.0,4105.4897
2020-06-07,4192.0,4195.5186
2020-06-08,4583.0,4542.838
2020-06-09,4583.0,4683.845
2020-06-10,5095.0,5093.919
2020-06-11,5180.0,5423.6816
2020-06-12,5514.0,5559.848
2020-06-13,5558.0,5551.9414
2020-06-14,5500.0,5446.5674
2020-06-15,5686.0,5686.407
2020-06-16,5860.0,5843.556
2020-06-17,5860.0,5886.185
2020-06-18,5981.0,5993.963
2020-06-19,6028.0,5997.353
2020-06-20,6236.0,6156.239
2020-06-21,6065.0,5933.3115
2020-06-22,5214.0,5260.2974
2020-06-23,5351.0,5361.285
2020-06-24,5318.0,5311.224
2020-06-25,5328.0,5362.5664
2020-06-26,5371.0,5380.2773
2020-06-27,5556.0,5634.89
2020-06-28,6086.0,5955.029
2020-06-29,6086.0,6064.851
2020-06-30,6234.0,6121.1025
2020-07-01,5954.0,5928.022
2020-07-02,6164.0,6172.1772
2020-07-03,6164.0,6219.0034
2020-07-04,6291.0,6183.753
2020-07-05,5953.0,5935.1304
2020-07-06,5079.0,5097.098
2020-07-07,5079.0,5103.754
2020-07-08,4894.0,5103.8267
2020-07-09,5647.0,5628.9434
2020-07-10,5740.0,5765.393
2020-07-11,5740.0,5634.4004
2020-07-12,5507.0,5479.4487
2020-07-13,5427.0,5454.002
2020-07-14,5414.0,5732.129
2020-07-15,5521.333333333333,5554.858
2020-07-16,5628.666666666667,5629.8286
2020-07-17,5736.0,5645.8096
2020-07-18,5611.0,5582.694
2020-07-19,5457.0,5453.0264
2020-07-20,5030.0,4998.1304
2020-07-21,5030.0,4540.5806
2020-07-22,3866.0,3958.5234
2020-07-23,3866.0,3940.6375
2020-07-24,4453.0,4583.1953
2020-07-25,4832.0,4861.0244
2020-07-26,5278.0,5232.3438
2020-07-27,5278.0,5315.939
2020-07-28,5410.0,5526.186
2020-07-29,6101.0,5959.855
2020-07-30,5938.0,4606.298
2020-07-31,5128.0,5157.331
2020-08-01,5128.0,5146.704
2020-08-02,5449.0,5491.289
2020-08-03,5415.0,5387.4136
2020-08-04,5415.0,5426.33
2020-08-05,5708.0,5685.857
2020-08-06,5596.0,5590.811
2020-08-07,5582.0,5527.1943
2020-08-08,5582.0,5578.0225
2020-08-09,5722.0,5656.29
2020-08-10,5610.0,5571.309
2020-08-11,5459.0,5476.8945
2020-08-12,5323.0,5386.39
2020-08-13,5009.0,4981.827
2020-08-14,5009.0,5017.911
2020-08-15,5152.0,5126.789
2020-08-16,5164.5,5184.1177
2020-08-17,5177.0,5148.7354
2020-08-18,4538.0,4629.068
2020-08-19,5025.0,4997.3228
2020-08-20,4829.0,4831.9473
2020-08-21,4105.0,4266.098
2020-08-22,4365.0,4518.59
2020-08-23,4438.0,4432.1934
2020-08-24,4424.0,4494.791
2020-08-25,4474.0,4507.861
2020-08-26,4630.0,4686.4434
2020-08-27,4866.0,4916.9463
2020-08-28,5145.0,5154.557
2020-08-29,5091.0,5032.2715
2020-08-30,4920.0,4948.148
2020-08-31,4796.0,4715.953
2020-09-01,4430.0,4490.557
2020-09-02,4785.0,4739.1074
2020-09-03,5140.0,5159.9375
2020-09-04,5294.0,5255.9146
2020-09-05,5151.0,5184.226
2020-09-06,4932.0,4909.901
2020-09-07,4932.0,4832.986
2020-09-08,4877.0,4788.5386
2020-09-09,5424.0,5388.7324
2020-09-10,5424.0,5416.9355
2020-09-11,5578.0,5631.3003
2020-09-12,5644.0,5741.802
2020-09-13,5513.0,5820.0684
2020-09-14,5762.0,5795.188
2020-09-15,5842.0,5791.9404
2020-09-16,5922.0,5915.71
2020-09-17,6030.0,5879.423
2020-09-18,6040.0,6066.198
2020-09-19,6218.0,5917.16
2020-09-20,6073.0,6021.779
2020-09-21,5940.0,5959.373
2020-09-22,6044.0,5980.0493
2020-09-23,5895.0,5940.499
2020-09-24,5763.0,5114.033
2020-09-25,5763.0,5647.7285
2020-09-26,5607.0,4806.396
2020-09-27,5497.0,5266.8315
2020-09-28,4832.0,4857.0845
2020-09-29,4920.0,4866.421
2020-09-30,4861.0,4819.9917
2020-10-01,4745.0,4763.1445
2020-10-02,4765.0,4881.551
2020-10-03,4563.0,4572.066
2020-10-04,4324.0,4203.2075
2020-10-05,4113.0,4154.554
2020-10-06,4251.0,4249.1304
2020-10-07,4147.0,4149.6465
2020-10-08,4237.0,4250.224
2020-10-09,4259.0,4227.347
2020-10-10,4204.0,4268.129
2020-10-11,4040.0,4071.6736
2020-10-12,3764.0,3751.833
2020-10-13,4149.0,4184.364
2020-10-14,4231.0,4313.663
2020-10-15,4394.0,4411.012
2020-10-16,4186.0,4094.8103
2020-10-17,4004.0,3924.1438
2020-10-18,3412.0,3437.349
2020-10-19,3412.0,3427.6072
2020-10-20,3780.0,3735.8809
2020-10-21,3726.0,3691.4468
2020-10-22,3793.0,3835.5952
2020-10-23,3791.0,3730.0781
2020-10-24,3462.0,3485.1099
2020-10-25,3462.0,3473.4414
2020-10-26,3001.0,3006.7776
2020-10-27,3570.0,3544.9424
2020-10-28,3522.0,3557.7888
2020-10-29,3474.0,3472.217
2020-10-30,3503.0,3499.0425
2020-10-31,3503.0,3521.4373
2020-11-01,3229.0,3266.134
2020-11-02,3114.0,3140.7065
2020-11-03,3364.0,3406.337
2020-11-04,3422.0,3364.0408
2020-11-05,3605.0,3523.1172
2020-11-06,3431.0,3420.7144
2020-11-07,3546.0,3501.545
2020-11-08,3263.0,3255.3428
2020-11-09,3315.0,3303.439
2020-11-10,3461.0,3379.9333
2020-11-11,3472.0,3338.9866
2020-11-12,3487.0,3444.5996
2020-11-13,3395.0,3426.4036
2020-11-14,3130.0,3422.254
2020-11-15,2865.0,2937.0588
2020-11-16,3116.0,3016.891
2020-11-17,3115.0,3296.4333
2020-11-18,3115.0,3283.118
2020-11-19,3371.0,3385.1833
2020-11-20,3350.0,3366.947
2020-11-21,3566.0,3460.9243
2020-11-22,3302.0,3351.3877
2020-11-23,3373.0,3387.904
2020-11-24,3535.0,3465.1467
2020-11-25,3541.0,3396.0205
2020-11-26,3657.0,3531.8054
2020-11-27,3470.0,3548.7886
2020-11-28,3701.0,3521.3835
2020-11-29,3378.0,3381.601
2020-11-30,3368.0,3398.9758
2020-12-01,3368.0,3456.6047
2020-12-02,3486.0,3499.3098
2020-12-03,3633.0,3591.5276
2020-12-04,3679.0,3647.6667
2020-12-05,3679.0,3676.9177
2020-12-06,3439.0,3398.0654
2020-12-07,3445.0,3465.2825
2020-12-08,3570.0,3599.3398
2020-12-09,3516.0,3553.405
2020-12-10,3604.0,3627.3628
2020-12-11,3492.0,3559.3538
2020-12-12,3668.0,3660.1348
2020-12-13,3297.0,3416.3066
2020-12-14,3533.0,3589.5986
2020-12-15,3720.5,3744.3193
2020-12-16,3908.0,3928.9917
2020-12-17,4095.5,4059.7727
2020-12-18,4283.0,3992.9487
2020-12-19,4584.0,4056.104
2020-12-20,4106.0,4094.9363
2020-12-21,4023.0,3998.3015
2020-12-22,4179.0,4062.3247
2020-12-23,4222.0,4240.1406
2020-12-24,4324.0,4265.5425
2020-12-25,4222.0,4243.015
2020-12-26,4376.0,4332.7744
2020-12-27,4042.0,4006.1262
2020-12-28,4041.0,4007.7144
2020-12-29,4229.0,4257.221
2020-12-30,4376.0,4404.0576
2020-12-31,4608.0,4564.9795
2021-01-01,4634.0,4667.9507
2021-01-02,4918.0,4821.916
2021-01-03,4233.0,4243.624
2021-01-04,4413.0,4193.4507
2021-01-05,4186.0,4165.148
2021-01-06,4305.0,3995.166
2021-01-07,4207.0,4238.528
2021-01-08,4503.0,4487.02
2021-01-09,4124.0,4194.596
2021-01-10,4184.0,4182.5483
2021-01-11,4541.0,4573.7803
2021-01-12,4628.0,4605.1157
2021-01-13,4756.0,4728.5903
2021-01-14,4723.0,4729.7466
2021-01-15,4736.0,4733.2075
2021-01-16,4456.0,4467.917
2021-01-17,4604.0,4540.4907
2021-01-18,4727.0,4457.6006
2021-01-19,4633.0,4547.463
2021-01-20,4735.0,4716.9414
2021-01-21,4618.0,4573.34
2021-01-22,4854.0,4830.377
2021-01-23,4410.0,4443.7334
2021-01-24,4490.0,4504.8057
2021-01-25,4785.0,4719.293
2021-01-26,3801.0,4008.5696
2021-01-27,4579.0,4568.018
2021-01-28,4564.0,4520.8247
2021-01-29,4673.0,4670.6104
2021-01-30,4344.0,4492.462
2021-01-31,4350.0,4339.7417
2021-02-01,4385.0,4356.2583
2021-02-02,4297.0,4258.661
2021-02-03,4244.0,4206.6577
2021-02-04,4061.0,4121.442
2021-02-05,4420.0,4453.298
2021-02-06,4014.0,4044.7058
2021-02-07,3970.0,3971.7742
2021-02-08,4094.0,4128.543
2021-02-09,4089.0,4097.067
2021-02-10,3981.0,4014.3376
2021-02-11,3851.0,3946.656
2021-02-12,4043.0,4031.6218
2021-02-13,3804.0,3778.5366
2021-02-14,3696.0,3671.0935
2021-02-15,3718.0,3782.9355
2021-02-16,3751.0,3737.4636
2021-02-17,3691.0,3750.1868
2021-02-18,3691.0,3718.977
2021-02-19,3855.0,3838.3225
2021-02-20,3549.0,3598.0537
2021-02-21,3513.0,3550.5693
2021-02-22,3620.0,3609.7441
2021-02-23,3539.0,3600.9902
2021-02-24,3625.0,3602.4263
2021-02-25,3536.0,3547.4353
2021-02-26,3638.0,3607.371
2021-02-27,3638.0,3559.5037
2021-02-28,3257.0,3238.636
2021-03-01,3404.0,3558.5657
2021-03-02,3434.0,3439.7449
2021-03-03,3494.0,3519.4158
2021-03-04,3434.0,3446.5254
2021-03-05,3607.0,3554.817
2021-03-06,3241.0,3259.1404
2021-03-07,3209.0,3220.797
2021-03-08,3439.0,3417.901
2021-03-09,3528.0,3562.916
2021-03-10,3584.0,3527.721
2021-03-11,3534.0,3403.1602
2021-03-12,3623.0,3588.0808
2021-03-13,3287.0,3291.3562
2021-03-14,3259.0,3253.8013
2021-03-15,3498.0,3387.4885
2021-03-16,3502.0,3494.912
2021-03-17,3570.0,3519.9773
2021-03-18,3532.0,3530.453
2021-03-19,3705.0,3672.5164
2021-03-20,3423.0,3387.0918
2021-03-21,3295.0,3213.9937
2021-03-22,3596.0,3554.4463
2021-03-23,3591.0,3502.2905
2021-03-24,3583.0,3458.148
2021-03-25,3496.0,3451.385
2021-03-26,3603.0,3587.0496
2021-03-27,3332.0,3322.0488
2021-03-28,3159.0,3135.688
2021-03-29,2728.0,3348.4763
2021-03-30,3374.0,3413.6094
2021-03-31,3570.0,3558.0493
2021-04-01,3483.0,3481.8164
2021-04-02,3503.0,3491.443
2021-04-03,3289.0,3339.6138
2021-04-04,3215.0,3239.4583
2021-04-05,3736.0,3784.5034
2021-04-06,3861.0,3753.5874
2021-04-07,3945.0,3841.094
2021-04-08,3805.0,3696.2043
2021-04-09,3860.0,3761.9458
2021-04-10,3553.0,3627.0845
2021-04-11,3456.0,3500.0635
2021-04-12,4012.0,3937.2087
2021-04-13,4064.0,4008.9924
2021-04-14,4013.0,4033.115
2021-04-15,4283.0,4178.8574
2021-04-16,4282.0,3272.3662
2021-04-17,3203.0,3239.8562
2021-04-18,3315.0,3274.7715
2021-04-19,3788.0,3550.1887
2021-04-20,3491.0,3475.4697
2021-04-21,2980.0,3076.8618
2021-04-22,2986.0,3081.5518
2021-04-23,2909.0,3019.4717
2021-04-24,2746.0,2881.4973
2021-04-25,2937.0,2995.1978
2021-04-26,3228.0,3320.7236
2021-04-27,3587.0,3620.153
2021-04-28,3818.0,4079.8733
2021-04-29,3940.0,3946.9426
2021-04-30,3936.0,3961.6396
2021-05-01,3991.0,4111.3594
2021-05-02,4023.0,3996.0515
2021-05-03,4162.0,4167.301
2021-05-04,4237.0,4260.1934
2021-05-05,4444.0,4359.283
2021-05-06,4418.0,4393.4775
2021-05-07,3715.0,3703.8228
2021-05-08,3822.0,3804.347
2021-05-09,3860.0,3864.5542
2021-05-10,3826.0,3850.5654
2021-05-11,3970.0,3972.6135
2021-05-12,4010.0,4039.919
2021-05-13,3854.0,3809.7754
2021-05-14,3775.0,3784.2783
2021-05-15,3756.0,3740.2712
2021-05-16,4045.0,4082.8325
2021-05-17,4144.0,4129.87
2021-05-18,4161.0,4143.6504
2021-05-19,3266.0,3243.7036
2021-05-20,2693.0,2787.6367
2021-05-21,2757.0,3676.6816
2021-05-22,2913.0,2951.5894
2021-05-23,2849.0,3075.5452
2021-05-24,3202.0,3298.8438
2021-05-25,3564.0,4319.882
2021-05-26,4004.0,4807.159
2021-05-27,4400.0,4464.5825
2021-05-28,4824.0,4779.091
2021-05-29,4743.0,4843.1143
2021-05-30,4500.0,4482.6714
2021-05-31,4882.0,4815.4087
2021-06-01,4596.0,4504.3623
2021-06-02,4081.0,4147.6104
2021-06-03,4686.0,4574.102
2021-06-04,4614.0,4627.2217
2021-06-05,4010.0,4134.893
2021-06-06,4949.0,4515.5957
2021-06-07,5519.0,5499.3203
2021-06-08,5858.0,5940.028
2021-06-09,6270.0,6280.9395
2021-06-10,6412.0,6376.4097
2021-06-11,5819.0,5850.2437
2021-06-12,5721.0,5693.128
2021-06-13,5057.0,5001.2856
2021-06-14,5677.0,5717.654
2021-06-15,5771.0,5800.727
2021-06-16,5237.0,5240.692
2021-06-17,5265.0,5376.0728
2021-06-18,5316.0,5303.6646
2021-06-19,5066.0,5077.741
2021-06-20,4922.0,4897.1655
2021-06-21,5676.0,5680.597
2021-06-22,5947.0,5972.463
2021-06-23,6316.0,6309.7246
2021-06-24,6488.0,6449.372
2021-06-25,6013.0,5733.5347
2021-06-26,5679.0,5656.8765
2021-06-27,6069.0,5955.8047
2021-06-28,6403.0,6160.85
2021-06-29,6522.0,6523.847
2021-06-30,6824.0,6746.986
2021-07-01,6937.0,6980.2686
2021-07-02,7244.0,7229.5063
2021-07-03,6103.0,6055.5513
2021-07-04,5963.0,6038.9814
2021-07-05,6437.0,6423.4097
2021-07-06,6743.0,6616.3184
2021-07-07,7045.0,7027.149
2021-07-08,7157.0,7134.296
2021-07-09,6781.0,6742.4653
2021-07-10,6645.0,6697.794
2021-07-11,6559.0,6576.9897
2021-07-12,6417.0,6338.766
2021-07-13,6088.0,5733.908
2021-07-14,5312.0,5321.3516
2021-07-15,5667.0,5626.596
2021-07-16,6313.0,6302.4434
2021-07-17,6253.0,6268.152
2021-07-18,6045.0,5952.5396
2021-07-19,5357.0,5309.5605
2021-07-20,4977.0,5030.3374
2021-07-21,5275.0,5297.186
2021-07-22,5325.0,5327.333
2021-07-23,5536.0,5471.822
2021-07-24,5374.0,5487.041
2021-07-25,6007.0,5648.1987
2021-07-26,5854.0,5873.127
2021-07-27,5585.0,5603.9116
2021-07-28,4907.0,4953.0513
2021-07-29,4894.0,5291.1865
2021-07-30,4904.0,4906.1743
2021-07-31,4933.0,4936.009
2021-08-01,4819.0,4815.798
2021-08-02,4866.0,5166.7495
2021-08-03,5100.0,5107.072
2021-08-04,5223.0,5331.785
2021-08-05,5422.0,5371.0933
2021-08-06,5677.0,5677.954
2021-08-07,5524.0,5504.2764
2021-08-08,5060.0,5026.6704
2021-08-09,5132.0,4908.8833
2021-08-10,5546.0,5539.9194
2021-08-11,5705.0,5652.79
2021-08-12,5903.0,6248.224
2021-08-13,5997.0,6034.2573
2021-08-14,5897.0,5950.451
2021-08-15,5817.0,5790.64
2021-08-16,6337.0,6318.5767
2021-08-17,6513.0,6546.119
2021-08-18,6453.0,6270.7974
2021-08-19,6368.0,6283.218
2021-08-20,6082.0,5910.6973
2021-08-21,4855.0,4894.989
2021-08-22,4813.0,4839.1333
2021-08-23,5502.0,5481.294
2021-08-24,5766.0,5780.482
2021-08-25,5775.0,6018.709
2021-08-26,5559.0,5547.9185
2021-08-27,5711.0,5598.837
2021-08-28,5602.0,5582.055
2021-08-29,5325.0,5259.318
2021-08-30,5129.0,5040.1797
2021-08-31,4910.0,4592.3374
2021-09-01,4288.0,4297.7397
2021-09-02,4664.0,4645.1553
2021-09-03,5130.0,5135.233
2021-09-04,4493.0,4537.8164
2021-09-05,4819.0,4827.0566
2021-09-06,5496.0,5497.741
2021-09-07,5481.0,5295.981
2021-09-08,5198.0,5190.749
2021-09-09,5101.0,5214.04
2021-09-10,5064.0,5265.8804
2021-09-11,4517.0,4480.1636
2021-09-12,4009.0,4105.2485
2021-09-13,4820.0,4752.1025
2021-09-14,4740.0,4934.741
2021-09-15,4838.0,4891.7007
2021-09-16,4570.0,4574.307
2021-09-17,4449.0,4451.808
2021-09-18,4301.0,4585.483
2021-09-19,4567.0,4688.849
2021-09-20,5085.0,5084.1245
2021-09-21,5209.0,5210.4087
2021-09-22,4603.0,4589.3057
2021-09-23,4811.0,4769.1826
2021-09-24,4759.0,4811.573
2021-09-25,4376.0,4334.8926
2021-09-26,4270.0,4244.02
2021-09-27,4877.0,4924.9717
2021-09-28,5063.0,5085.085
2021-09-29,5118.0,5159.438
2021-09-30,5174.0,5126.925
2021-10-01,5150.0,5197.6045
2021-10-02,4993.0,5077.572
2021-10-03,5053.0,5024.7866
2021-10-04,5328.0,4905.0757
2021-10-05,5349.0,5313.223
2021-10-06,5189.0,4710.6694
2021-10-07,4979.0,4480.936
2021-10-08,4839.0,4680.3794
2021-10-09,4569.0,4493.5854
2021-10-10,4536.0,4399.411
2021-10-11,4683.0,4628.9346
2021-10-12,4707.0,4681.2856
2021-10-13,4382.0,4356.875
2021-10-14,4160.0,3891.7085
2021-10-15,3517.0,3650.3147
2021-10-16,4084.0,3999.9333
2021-10-17,3784.0,3938.7107
2021-10-18,3694.0,3604.3472
2021-10-19,3644.0,3669.3196
2021-10-20,3806.0,3808.1052
2021-10-21,3750.0,3737.093
2021-10-22,3794.0,3834.7173
2021-10-23,3574.0,3546.1936
2021-10-24,3441.0,3470.6138
2021-10-25,3467.0,3410.8167
2021-10-26,3482.0,3444.751
2021-10-27,3501.0,3467.966
2021-10-28,3404.0,3418.2039
2021-10-29,3524.0,3510.3125
2021-10-30,3235.0,3316.722
2021-10-31,3180.0,3203.0144
2021-11-01,3407.0,3395.0583
2021-11-02,3424.0,3406.9893
2021-11-03,3389.0,3433.9255
2021-11-04,2710.0,2818.0466
2021-11-05,2660.0,2806.2324
2021-11-06,2869.0,3016.557
2021-11-07,2914.0,2961.4033
2021-11-08,3261.0,3342.2683
2021-11-09,3290.0,3401.8428
2021-11-10,3425.0,3410.1118
2021-11-11,3267.0,3299.8884
2021-11-12,3502.0,3341.503
2021-11-13,3244.0,3276.5745
2021-11-14,3260.0,3232.0374
2021-11-15,3416.0,3373.3335
2021-11-16,3396.0,3489.8057
2021-11-17,3531.0,3484.6033
2021-11-18,3477.0,3482.7969
2021-11-19,3584.0,3509.0332
2021-11-20,3359.0,3281.3433
2021-11-21,3371.0,3298.742
2021-11-22,3463.0,3444.2324
2021-11-23,3518.0,3473.2854
2021-11-24,3554.0,3507.7876
2021-11-25,3524.0,3517.5596
2021-11-26,3756.0,3538.009
2021-11-27,3400.0,3515.1108
2021-11-28,3450.0,3401.549
2021-11-29,3567.0,3573.0205
2021-11-30,3538.0,3623.3196
2021-12-01,3676.0,3635.9604
2021-12-02,3673.0,3672.4265
2021-12-03,3912.0,3823.3008
2021-12-04,3498.0,3515.928
2021-12-05,3527.0,3477.9377
2021-12-06,3608.0,3594.1724
2021-12-07,3583.0,3566.1528
2021-12-08,3714.0,3731.405
2021-12-09,3648.0,3686.5576
2021-12-10,3899.0,3852.3933
2021-12-11,3625.0,3691.4426
2021-12-12,3625.0,3633.1582
2021-12-13,3817.0,3810.5037
2021-12-14,3823.0,3824.7874
2021-12-15,3985.0,3926.6675
2021-12-16,3926.0,3943.0762
2021-12-17,4238.0,4202.7256
2021-12-18,3980.0,3939.5137
2021-12-19,4080.0,3996.0906
2021-12-20,4327.0,4287.542
2021-12-21,4285.0,4282.7417
2021-12-22,4424.0,4378.813
2021-12-23,4339.0,4351.3374
2021-12-24,4548.0,4456.6523
2021-12-25,4107.0,4124.0337
2021-12-26,4044.0,4035.4705
2021-12-27,4290.0,4321.215
2021-12-28,4171.0,4209.688
2021-12-29,4333.0,4424.7954
2021-12-30,4218.0,4301.277
2021-12-31,4583.0,4560.166
2022-01-01,4470.0,4466.6387
2022-01-02,4034.0,4161.281
2022-01-03,4467.0,4813.829
2022-01-04,4441.0,4395.7153
2022-01-05,4322.0,4328.779
2022-01-06,4269.0,4529.055
2022-01-07,4559.0,4513.4375
2022-01-08,3345.0,3385.0117
2022-01-09,3760.0,3726.5906
2022-01-10,4573.0,4620.215
2022-01-11,4505.0,4535.875
2022-01-12,4615.0,4640.8994
2022-01-13,4577.0,4613.4146
2022-01-14,5087.0,5007.857
2022-01-15,4045.0,4160.326
2022-01-16,4125.0,4154.9595
2022-01-17,4823.0,4760.463
2022-01-18,4898.0,4878.2456
2022-01-19,4950.0,4911.4253
2022-01-20,4788.0,4805.703
2022-01-21,5040.0,4726.516
2022-01-22,3912.0,3925.3564
2022-01-23,4151.0,4253.884
2022-01-24,4828.0,4836.735
2022-01-25,4918.0,4591.1904
2022-01-26,4187.0,4541.337
2022-01-27,4708.0,4723.472
2022-01-28,4997.0,4918.0347
2022-01-29,4330.0,4596.6333
2022-01-30,4341.0,4337.9727
2022-01-31,4489.0,4583.703
2022-02-01,4572.0,4567.89
2022-02-02,4648.0,4577.849
2022-02-03,4520.0,4387.652
2022-02-04,4796.0,4693.204
2022-02-05,4626.0,4531.275
2022-02-06,4236.0,4209.1426
2022-02-07,4361.0,4257.701
2022-02-08,4116.0,4112.304
2022-02-09,4196.0,4176.8037
2022-02-10,4117.0,4193.6025
2022-02-11,4321.0,4230.081
2022-02-12,3930.0,3981.8782
2022-02-13,3851.0,3798.2297
2022-02-14,3939.0,3967.4275
2022-02-15,3917.0,3879.6365
2022-02-16,3985.0,4009.102
2022-02-17,3819.0,3855.4534
2022-02-18,3959.0,3929.2944
2022-02-19,3560.0,3669.1414
2022-02-20,3649.0,3681.3704
2022-02-21,3705.0,3772.976
2022-02-22,3756.0,3712.515
2022-02-23,3871.0,3812.2034
2022-02-24,3759.0,3771.5896
2022-02-25,3858.0,3832.2522
2022-02-26,3545.0,3577.3154
2022-02-27,3577.0,3575.4412
2022-02-28,3667.0,3712.7751
2022-03-01,3946.0,3847.6824
2022-03-02,3624.0,3671.3804
2022-03-03,3655.0,3683.3196
2022-03-04,3796.0,3752.8967
2022-03-05,3428.0,3508.1665
2022-03-06,3532.0,3493.9448
2022-03-07,3673.0,3669.6323
2022-03-08,3574.0,3537.03
2022-03-09,3589.0,3607.4707
2022-03-10,3594.0,3547.5269
2022-03-11,3660.0,3611.6626
2022-03-12,3394.0,3415.2363
2022-03-13,3354.0,3416.6091
2022-03-14,3572.0,3607.4937
2022-03-15,3647.0,3654.7908
2022-03-16,3722.0,3716.4187
2022-03-17,3797.0,3726.8284
2022-03-18,2865.0,3754.754
2022-03-19,3387.0,3437.075
2022-03-20,3498.0,3520.4897
2022-03-21,4041.0,3954.8186
2022-03-22,3954.0,3944.2651
2022-03-23,4004.0,3940.3157
2022-03-24,3977.0,3932.3508
2022-03-25,4004.0,4007.2788
2022-03-26,4004.0,3845.013
2022-03-27,3558.0,3591.4175
2022-03-28,4025.0,4080.9324
2022-03-29,4241.0,4222.8105
2022-03-30,4445.0,4413.998
2022-03-31,4588.0,4315.586
2022-04-01,4416.0,4387.2246
2022-04-02,4111.0,4076.6091
2022-04-03,4184.0,4364.191
2022-04-04,4494.0,4484.246
2022-04-05,4590.0,4603.921
2022-04-06,4675.0,4669.7607
2022-04-07,4857.0,4673.1255
2022-04-08,4999.0,4951.1045
2022-04-09,4803.0,4865.2285
2022-04-10,4936.0,4962.5244
2022-04-11,5390.0,5369.1436
2022-04-12,5197.0,5243.9106
2022-04-13,5224.0,5161.118
2022-04-14,5057.0,5220.5244
2022-04-15,4975.0,5071.2666
2022-04-16,4974.0,4695.0947
2022-04-17,5146.0,5130.631
2022-04-18,5584.0,5506.5493
2022-04-19,5628.0,5706.1665
2022-04-20,5652.0,5685.168
2022-04-21,5632.0,5553.478
2022-04-22,5310.0,5306.7017
2022-04-23,5082.0,4976.5054
2022-04-24,5194.0,5162.3784
2022-04-25,5525.0,5534.568
2022-04-26,5602.0,5574.663
2022-04-27,5739.0,5517.844
2022-04-28,5942.0,5883.757
2022-04-29,6096.0,5916.3003
2022-04-30,5970.0,5927.4766
2022-05-01,5993.0,5984.0386
2022-05-01,5993.0,5984.0386
2022-05-02,6123.0,6072.0127
2022-05-03,6127.0,6028.225
2022-05-04,6121.0,5324.4805
2022-05-05,5371.0,4331.3843
2022-05-06,5463.0,5476.657
2022-05-07,5426.0,5431.0005
2022-05-08,5762.0,5778.923
2022-05-09,6057.0,6236.702
2022-05-10,6189.0,6340.812
2022-05-11,6520.0,6514.6313
2022-05-12,6752.0,6760.8423
2022-05-13,6781.0,6743.3066
2022-05-14,6714.0,6744.5493
2022-05-15,6631.0,6610.561
2022-05-16,6686.0,6857.707
2022-05-17,6679.0,6592.377
2022-05-18,6657.0,6708.291
2022-05-19,7008.0,6929.483
2022-05-20,6815.0,6825.434
2022-05-21,6412.0,6413.049
2022-05-22,5935.0,5885.1455
2022-05-23,6052.0,5987.693
2022-05-24,4462.0,4541.4243
2022-05-25,4771.0,4824.789
2022-05-26,5115.0,5084.362
2022-05-27,5680.0,5800.428
2022-05-28,6133.0,6158.0864
2022-05-29,5967.0,6010.4917
2022-05-30,6357.0,6326.005
2022-05-31,6115.0,6069.0005
2022-06-01,6091.0,6089.9614
2022-06-02,6442.0,6511.205
2022-06-03,6518.0,6461.4126
2022-06-04,6543.0,6593.526
2022-06-05,6576.0,6580.873
2022-06-06,6692.0,6692.526
2022-06-07,6797.0,6806.2534
2022-06-08,6824.0,6864.8267
2022-06-09,7048.0,7074.9287
2022-06-10,7089.0,7092.388
2022-06-11,7039.5,6985.2686
2022-06-12,6935.0,7031.1753
2022-06-13,7202.0,7230.7427
2022-06-14,7139.0,7142.624
2022-06-15,7227.0,7136.6216
2022-06-16,7187.0,6988.252
2022-06-17,6708.0,6685.8335
2022-06-18,5325.0,5359.7163
2022-06-19,5839.833333333334,4994.8203
2022-06-20,5010.0,5046.257
2022-06-21,5273.0,5353.901
2022-06-22,5536.0,5586.9673
2022-06-23,5587.0,5845.0337
2022-06-24,5614.0,5698.2764
2022-06-25,5790.0,6015.9316
2022-06-26,6700.0,6750.3877
2022-06-27,7168.0,7200.857
2022-06-28,7528.0,7495.6157
2022-06-29,7770.0,7078.8853
2022-06-30,7130.0,7023.073
2022-07-01,5289.0,5333.513
2022-07-02,5651.0,5678.2124
2022-07-03,5918.0,5972.998
2022-07-04,6580.0,6717.5825
2022-07-05,6983.0,7018.49
2022-07-06,7279.0,7113.7246
2022-07-07,7284.0,7280.3267
2022-07-08,7411.0,7376.856
2022-07-09,7181.0,6535.3525
2022-07-10,6133.0,6136.9746
2022-07-11,6528.0,6495.5825
2022-07-12,6318.0,6247.313
2022-07-13,6257.0,6352.319
2022-07-14,6173.0,6726.8345
2022-07-15,6773.0,6700.126
2022-07-16,6681.0,6642.364
2022-07-17,6046.0,6040.242
2022-07-18,6847.0,6841.152
2022-07-19,6816.0,6825.6685
2022-07-20,6571.0,6557.338
2022-07-21,5821.0,5736.75
2022-07-22,5691.0,5734.385
2022-07-23,5485.0,5503.153
2022-07-24,5655.0,5746.361
2022-07-25,5770.0,5822.089
2022-07-26,5876.0,5844.6675
2022-07-27,5897.0,5806.215
2022-07-28,5692.0,5687.7363
2022-07-29,5479.0,5491.175
2022-07-30,4978.0,5081.395
2022-07-31,5070.0,5121.7964
2022-08-01,5468.0,5760.6914
2022-08-02,6089.0,6111.418
2022-08-03,5967.0,5961.924
2022-08-04,5814.0,5795.0386
2022-08-05,5481.0,5550.6245
2022-08-06,5578.0,5632.834
2022-08-07,5421.0,5403.8564
2022-08-08,5776.0,5777.2876
2022-08-09,6233.0,6195.7515
2022-08-10,6388.0,6418.4136
2022-08-11,6328.0,6285.963
2022-08-12,5873.0,5924.912
2022-08-13,5866.0,5852.248
2022-08-14,5792.0,5733.7427
2022-08-15,5148.0,5237.6396
2022-08-16,5096.0,5822.221
2022-08-17,5486.0,5565.7954
2022-08-18,5808.0,5895.287
2022-08-19,5711.0,5882.4644
2022-08-20,5647.0,5683.1167
2022-08-21,6064.0,6031.104
2022-08-22,6267.0,6261.4326
2022-08-23,6111.0,6177.3286
2022-08-24,5783.0,5805.7344
2022-08-25,5862.0,5825.4214
2022-08-26,6100.0,5978.162
2022-08-27,5910.0,6060.9316
2022-08-28,5945.0,5865.2397
2022-08-29,6092.166666666666,5934.2476
2022-08-30,5866.0,5836.8535
2022-08-31,6253.0,6258.3384
2022-09-01,6479.0,6493.556
2022-09-02,6440.0,6486.8315
2022-09-03,6298.0,6317.2007
2022-09-04,6288.0,6266.8726
2022-09-05,6429.0,6489.9478
2022-09-06,6488.0,6443.6216
2022-09-07,6482.0,6413.415
2022-09-08,6634.0,6541.5776
2022-09-09,6614.0,6574.267
2022-09-10,6542.0,6358.2236
2022-09-11,6272.0,6318.5557
2022-09-12,6444.0,6436.5205
2022-09-13,6282.0,5684.906
2022-09-14,5947.0,5903.0884
2022-09-17,4746.0,4743.317
2022-09-18,5094.0,5120.5737
2022-09-19,5318.0,5515.365
2022-09-20,5332.0,5382.377
2022-09-21,5167.0,5005.6504
2022-09-22,4718.0,4767.5723
2022-09-23,4573.0,4473.318
2022-09-24,4146.0,4206.358
2022-09-25,3987.0,4489.8647
2022-09-26,4612.0,4911.237
2022-09-27,4771.0,4741.2754
2022-09-28,4896.0,5005.1953
2022-09-29,5018.0,5011.192
2022-09-30,5062.0,5009.316
2022-10-01,4722.0,4719.59
2022-10-02,4510.0,4563.6836
2022-10-03,4803.0,4856.5435
2022-10-04,4944.0,4858.272
2022-10-05,4693.0,4783.1484
2022-10-06,4616.0,4455.4365
2022-10-07,4450.0,4007.532
2022-10-08,3795.0,3756.2227
2022-10-09,3422.0,3496.0686
2022-10-10,3422.0,3541.4075
2022-10-11,3874.0,4048.1023
2022-10-12,4013.0,3968.0269
2022-10-13,3995.0,3955.8152
2022-10-14,4001.0,4032.8235
2022-10-15,3668.0,3736.1448
2022-10-16,3470.0,3818.7395
2022-10-17,4003.0,4022.1658
2022-10-18,3954.0,3951.3
2022-10-19,4015.0,4000.5916
2022-10-20,4047.0,4006.645
2022-10-21,4043.0,4034.0203
2022-10-22,3765.0,3741.0308
2022-10-23,3279.0,3449.5828
2022-10-24,2994.0,3561.0256
2022-10-25,3108.0,3337.9543
2022-10-26,3047.0,3272.1707
2022-10-27,3429.0,3510.243
2022-10-28,3663.0,3642.647
2022-10-29,3466.0,3498.5762
2022-10-30,3583.0,3493.3057
2022-10-31,3556.0,3601.4744
2022-11-01,3663.0,3699.94
2022-11-02,3721.0,3714.6704
2022-11-03,3725.0,3696.2087
2022-11-04,3847.0,3845.424
2022-11-05,3646.0,3645.0015
2022-11-06,3504.0,3637.9836
2022-11-07,3767.0,3744.1616
2022-11-08,3752.0,3693.0117
2022-11-09,3713.0,3761.617
2022-11-10,3831.0,3817.3188
2022-11-11,3756.0,3684.132
2022-11-12,3469.0,3406.3496
2022-11-13,3364.0,3389.263
2022-11-14,3539.0,3526.8257
2022-11-15,3525.0,3532.8926
2022-11-16,3576.0,3585.2751
2022-11-17,3528.0,3582.0208
2022-11-18,3717.0,3692.6863
2022-11-19,3439.0,3467.1074
2022-11-20,3569.666666666667,3449.5415
2022-11-21,3529.0,3534.8516
2022-11-22,3591.0,3613.8584
2022-11-23,3614.0,3600.3884
2022-11-24,3560.0,3610.3792
2022-11-25,3678.0,3731.2844
2022-11-26,3525.0,3539.4883
2022-11-27,3608.0,3592.8813
2022-11-28,3581.0,3592.3203
2022-11-29,3617.0,3623.3928
2022-11-30,3751.0,3746.3037
2022-12-01,3642.0,3720.415
2022-12-02,3820.0,3772.9375
2022-12-03,3650.0,3623.6409
2022-12-04,3346.0,3737.758
2022-12-05,3662.0,3729.7092
2022-12-06,3766.0,3804.8833
2022-12-07,3834.0,3768.7034
2022-12-08,3604.0,3688.492
2022-12-09,3939.0,3816.8293
2022-12-10,3779.0,3751.0273
2022-12-11,3809.0,3730.7144
2022-12-12,3794.0,3737.3936
2022-12-13,3829.0,3817.0083
2022-12-14,3942.0,3873.8105
2022-12-15,3860.0,3906.1204
2022-12-16,4084.0,4056.378
2022-12-17,3814.0,3819.868
2022-12-18,4057.0,3892.9768
2022-12-19,3867.0,4003.3113
2022-12-20,4070.0,4137.7417
2022-12-21,4256.0,4233.712
2022-12-22,4242.0,4326.5474
2022-12-23,4560.0,4513.997
2022-12-24,3737.3333333333335,3951.5535
2022-12-25,4462.222222222223,4644.8745
2022-12-26,4691.0,4661.636
2022-12-27,4675.0,4671.562
2022-12-28,4868.0,4834.6025
2022-12-29,4686.0,4603.793
2022-12-30,4841.0,4739.515
2022-12-31,4455.0,4433.7246
2023-01-01,4588.0,4558.609
2023-01-02,4580.0,4581.477
2023-01-03,4826.0,4838.331
2023-01-04,5040.0,5061.498
2023-01-05,5225.0,5228.086
2023-01-06,5399.0,5351.6997
2023-01-07,5091.0,5076.081
2023-01-08,5137.0,5039.072
2023-01-09,5466.0,5255.538
2023-01-10,5385.0,5270.1094
2023-01-11,5376.0,5283.091
2023-01-12,5080.0,4992.8633
2023-01-13,5050.0,4930.5664
2023-01-14,4733.0,4684.6626
2023-01-15,4785.0,4736.172
2023-01-16,4878.0,4897.814
2023-01-17,5001.0,4916.147
2023-01-18,5079.0,5050.6997
2023-01-19,4807.333333333334,4810.387
2023-01-20,4863.0,4690.93
2023-01-21,4482.0,4543.5703
2023-01-22,4541.0,4538.7036
2023-01-23,4396.0,4427.073
2023-01-24,4380.0,4369.024
2023-01-25,4475.0,4538.6
2023-01-26,3943.0,3964.4585
2023-01-27,4646.0,4724.0254
2023-01-28,4358.0,4421.099
2023-01-29,4433.0,4477.8057
2023-01-30,4570.0,4553.94
2023-01-31,4611.0,4645.4336
2023-02-01,4557.0,4590.2856
2023-02-02,4406.0,4468.2275
2023-02-03,4584.0,4567.1235
2023-02-04,4107.0,4195.408
2023-02-05,4197.0,4240.6997
2023-02-06,4037.0,4077.334
2023-02-07,4064.0,4142.989
2023-02-08,4078.0,4182.73
2023-02-09,3967.0,4086.1199
2023-02-10,4021.0,4122.222
2023-02-11,3836.0,3931.768
2023-02-12,3794.0,3907.5671
2023-02-13,3883.0,3871.9756
2023-02-14,4001.0,3962.3638
2023-02-15,4053.0,4014.011
2023-02-16,3811.0,3826.8875
2023-02-17,3998.0,3938.6348
2023-02-18,3921.0,3815.6426
2023-02-19,3600.0,3578.6309
2023-02-20,3660.0,3638.9182
2023-02-21,3771.833333333333,3758.6008
2023-02-22,3855.0,3830.5537
2023-02-23,3663.0,3702.504
2023-02-24,3932.0,3879.979
2023-02-25,3541.0,3541.906
2023-02-26,3512.0,3446.9019
2023-02-27,3710.0,3731.874
2023-02-28,3684.0,3685.2998
2023-03-01,3707.0,3743.5334
2023-03-02,3694.0,3674.8638
2023-03-03,3797.0,3777.9988
2023-03-04,3562.0,3585.9084
2023-03-05,3450.0,3458.6694
2023-03-06,3610.0,3599.6445
2023-03-07,3619.0,3515.6238
2023-03-08,2444.0,2543.973
2023-03-09,3187.0,3266.4683
2023-03-10,3578.0,3581.927
2023-03-11,3387.0,3387.4556
2023-03-12,3363.0,3321.398
2023-03-13,3623.0,3653.4194
2023-03-14,3744.0,3803.1047
2023-03-15,3725.0,3731.4324
2023-03-16,3752.0,3762.919
2023-03-17,3884.0,3838.9375
2023-03-18,3509.0,3514.6313
2023-03-19,3424.0,3400.681
2023-03-20,3633.0,3675.555
2023-03-21,3559.0,3574.9517
2023-03-22,3845.0,3822.689
2023-03-23,3631.0,3622.1704
2023-03-24,3802.0,3809.8572
2023-03-25,3480.0,3479.207
2023-03-26,3335.0,3306.2048
2023-03-27,3566.0,3562.541
2023-03-28,3642.0,3657.7004
2023-03-29,3648.0,3680.9307
2023-03-30,3518.0,3487.0234
2023-03-31,3699.0,3664.7385
2023-04-01,3411.0,3388.7373
2023-04-02,3360.0,3297.467
2023-04-03,3588.0,3654.2292
2023-04-04,3550.0,3530.372
2023-04-05,3666.0,3644.9934
2023-04-06,3632.0,3693.618
2023-04-07,3766.0,3750.8108
2023-04-08,3544.0,3600.476
2023-04-09,3409.0,3388.4812
2023-04-10,3812.0,3845.9517
2023-04-11,3908.0,3852.702
2023-04-12,4126.0,4168.627
2023-04-13,4276.0,4331.984
2023-04-14,4305.0,4524.9043
2023-04-15,4291.0,4468.847
2023-04-16,4371.0,4332.766
2023-04-17,5059.0,5048.5967
2023-04-18,5324.0,5298.0815
2023-04-19,5232.0,5144.8433
2023-04-20,5028.0,4967.22
2023-04-21,4680.0,4644.4946
2023-04-22,4310.0,4396.763
2023-04-23,3934.0,3970.7988
2023-04-24,4082.0,4141.8594
2023-04-25,4174.0,4111.396
2023-04-26,4445.0,4416.7397
2023-04-27,4626.0,4591.688
2023-04-28,4395.0,4386.834
2023-04-29,4048.0,4034.5127
2023-04-30,3791.0,3751.3943
2023-05-01,3607.0,3690.0237
2023-05-02,3682.0,3705.9102
2023-05-03,3944.0,4011.088
2023-05-04,3670.0,3680.081
2023-05-05,3940.0,3960.7656
2023-05-06,3826.0,3924.8176
2023-05-07,3816.0,3825.5542
2023-05-08,4460.0,4476.5107
2023-05-09,4518.0,4522.775
2023-05-10,4595.0,4654.742
2023-05-11,4808.0,4778.663
2023-05-12,5145.0,5100.3506
2023-05-13,5197.0,5192.714
2023-05-14,5188.0,5313.4985
2023-05-15,5661.0,5684.3467
2023-05-16,5691.0,5773.8047
2023-05-17,5867.0,5877.969
2023-05-18,5593.0,5556.576
2023-05-19,5458.0,5432.7734
2023-05-20,5391.0,5341.506
2023-05-21,5948.0,6097.5874
2023-05-22,6427.0,6499.7188
2023-05-23,6785.0,6834.3774
2023-05-24,6142.0,6106.4414
2023-05-25,5569.0,5648.246
2023-05-26,4991.0,4893.994
2023-05-27,5051.0,4919.6294
2023-05-28,4780.0,4816.6113
2023-05-29,4782.0,4794.9263
2023-05-30,4871.0,4954.074
2023-05-31,4462.0,4493.87
2023-06-01,4298.0,4285.4434
2023-06-02,4567.0,4645.7705
2023-06-03,4618.0,4579.813
2023-06-04,4805.0,4862.3877
2023-06-05,5493.0,5509.4917
2023-06-06,5511.0,5640.082
2023-06-07,5664.0,5683.1123
2023-06-08,5971.0,6006.7607
2023-06-09,6387.0,6473.4546
2023-06-10,6285.0,6315.654
2023-06-11,6101.0,6117.706
2023-06-12,6782.0,6786.378
2023-06-13,7043.0,7063.263
2023-06-14,7089.0,7067.8555
2023-06-15,6799.0,6864.282
2023-06-16,6587.0,6655.6133
2023-06-17,6531.0,6501.1187
2023-06-18,6308.0,6380.2905
2023-06-19,6255.0,6257.565
2023-06-20,6304.0,6357.6763
2023-06-21,6382.0,6368.4604
2023-06-22,6880.0,6881.8174
2023-06-23,6933.0,6856.8687
2023-06-24,6829.0,6759.302
2023-06-25,6283.0,6269.639
2023-06-26,5460.0,5594.292
2023-06-27,5755.0,5768.459
2023-06-28,5980.0,5956.3994
2023-06-29,5651.0,5673.7075
2023-06-30,5770.0,5824.7046
2023-07-01,5634.0,5755.9326
2023-07-02,6170.0,5940.2427
2023-07-03,6953.0,6979.968
2023-07-04,6696.0,6696.7544
2023-07-05,6540.0,6541.908
2023-07-06,5989.0,5913.953
2023-07-07,6099.0,5965.9375
2023-07-08,5790.0,5580.7725
2023-07-09,4838.0,4854.5366
2023-07-10,5322.0,5144.346
2023-07-11,5260.0,5470.2705
2023-07-12,5607.0,5716.0728
2023-07-13,6055.0,6048.1436
2023-07-14,5862.0,5908.7485
2023-07-15,5714.0,5736.509
2023-07-16,6023.5,5963.8667
2023-07-17,6165.0,6175.7666
2023-07-18,5879.0,5895.6914
2023-07-19,6466.0,6436.775
2023-07-20,7018.0,7036.6323
2023-07-21,7344.0,7368.237
2023-07-22,6924.0,6904.9976
2023-07-23,7046.333333333333,7009.0586
2023-07-24,7101.0,7120.966
2023-07-25,7220.0,7160.2407
2023-07-26,6671.0,6660.158
2023-07-27,6180.0,6162.5283
2023-07-28,6073.0,6093.0
2023-07-29,5263.0,5278.5586
2023-07-30,5978.0,5876.424
2023-07-31,6527.0,6476.4883
2023-08-01,6736.0,6673.897
2023-08-02,7005.0,6852.0923
2023-08-03,6835.0,6655.052
2023-08-04,6405.0,6362.1587
2023-08-05,6125.0,6073.1006
2023-08-06,6169.0,6170.3896
2023-08-07,6269.0,6319.97
2023-08-08,6309.0,6308.073
2023-08-09,6277.0,6316.9756
2023-08-10,6548.0,6550.065
2023-08-11,6588.0,6522.076
2023-08-12,6374.0,6416.6084
2023-08-13,6069.0,6053.906
2023-08-14,6139.0,6194.369
2023-08-15,6023.0,5988.6704
2023-08-16,6780.0,6770.6533
2023-08-17,6912.0,6913.6772
2023-08-18,7114.0,7077.2817
2023-08-19,6902.0,6896.7373
2023-08-20,6745.0,6732.1445
2023-08-21,7186.0,7154.685
2023-08-22,7315.0,7161.8633
2023-08-23,6331.0,6268.325
2023-08-24,5875.0,5950.5645
2023-08-25,6185.0,6195.2886
2023-08-26,5926.0,5955.0293
2023-08-27,5855.0,5830.735
2023-08-28,6426.0,6418.3335
2023-08-29,6427.0,6477.181
2023-08-30,6414.5,6517.5327
2023-08-31,6523.0,6540.97
2023-09-01,6681.0,6684.009
2023-09-02,6575.0,6676.868
2023-09-03,6533.0,6558.3877
2023-09-04,6642.0,6625.9272
2023-09-05,6953.0,6961.0933
2023-09-06,6716.0,6739.6704
2023-09-07,6371.0,6458.3394
2023-09-08,5963.0,6039.5103
2023-09-09,5920.0,5890.6846
2023-09-10,4526.0,4680.377
2023-09-11,5233.0,5237.005
2023-09-12,5654.0,5698.841
2023-09-13,6206.0,6242.2554
2023-09-14,6729.0,6697.462
2023-09-15,6404.0,6268.84
2023-09-16,5943.0,5913.9355
2023-09-17,5162.0,5262.029
2023-09-18,5495.0,5457.2163
2023-09-19,6009.0,5963.438
2023-09-20,6320.0,6304.7324
2023-09-21,6543.0,6571.298
2023-09-22,6475.0,6475.2485
2023-09-23,6338.0,6342.0044
2023-09-24,5383.0,5314.1787
2023-09-25,5645.0,5651.8496
2023-09-26,5736.0,5746.1255
2023-09-27,5640.0,5588.4424
2023-09-28,5313.0,5124.489
2023-09-29,5413.0,5264.445
2023-09-30,5163.0,5133.3237
2023-10-01,5068.0,4757.323
2023-10-02,4600.0,4496.2974
2023-10-03,4755.0,4628.8955
2023-10-04,4869.0,4741.46
2023-10-05,4843.0,4681.1074
2023-10-06,4925.0,4760.837
2023-10-07,4861.0,4800.747
2023-10-08,5277.0,5305.139
2023-10-09,5500.0,5540.2847
2023-10-10,5487.0,5519.399
2023-10-11,5040.0,5034.237
2023-10-12,4863.0,4678.913
2023-10-13,4958.0,4757.6826
2023-10-14,4715.0,4733.7485
2023-10-15,4523.0,4493.6475
2023-10-16,4511.0,4565.263
2023-10-17,4022.0,4021.661
2023-10-18,4095.0,4062.8313
2023-10-19,4078.0,4040.2832
2023-10-20,4067.0,4054.3777
2023-10-21,3812.0,3755.888
2023-10-22,3570.0,3604.1294
2023-10-23,3979.0,3979.4094
2023-10-24,3480.0,3506.6282
2023-10-25,4006.0,3951.9841
2023-10-26,4028.0,3974.556
2023-10-27,4038.0,4015.0918
2023-10-28,3817.0,3791.8682
2023-10-29,3656.0,3563.4856
2023-10-30,4048.0,4046.1675
2023-10-31,4124.0,4112.203
2023-11-01,4186.0,4183.4863
2023-11-02,4153.0,4146.7466
2023-11-03,4140.0,4111.898
2023-11-04,3903.0,3817.5225
2023-11-05,3819.0,3660.556
2023-11-06,4026.0,3905.8542
2023-11-07,4002.0,3935.4226
2023-11-08,4047.0,3991.3308
2023-11-09,4031.0,3973.5237
2023-11-10,4097.0,4093.1
2023-11-11,3572.0,3539.791
2023-11-12,3025.0,3068.2698
2023-11-13,2872.0,2920.3645
2023-11-14,3205.0,3292.1472
2023-11-15,3554.0,3562.9412
2023-11-16,3536.0,3576.3845
2023-11-17,3808.0,3820.7017
2023-11-18,3558.0,3577.0117
2023-11-19,3465.0,3426.1868
2023-11-20,3504.0,3528.025
2023-11-21,3548.0,3593.7866
2023-11-22,3724.0,3670.0369
2023-11-23,3656.0,3654.705
2023-11-24,3911.0,3857.4456
2023-11-25,3698.0,3712.7163
2023-11-26,3825.0,3735.4307
2023-11-27,3859.0,3842.1611
2023-11-28,3749.0,3752.4812
2023-11-29,3829.0,3804.2622
2023-11-30,3784.0,3789.5283
2023-12-01,3978.0,3940.2637
2023-12-02,3658.0,3674.0144
2023-12-03,3793.0,3735.8848
2023-12-04,3769.0,3751.908
2023-12-05,3824.0,3831.9084
2023-12-06,3837.0,3823.1208
2023-12-07,3816.0,3774.3157
2023-12-08,4032.0,3982.209
2023-12-09,3826.0,3792.6091
2023-12-10,3885.0,3853.722
2023-12-11,3890.0,3906.1326
2023-12-12,3950.0,3863.5073
2023-12-13,4061.0,3947.9524
2023-12-14,3740.0,3752.8364
2023-12-15,3992.0,4032.206
2023-12-16,4003.0,3985.0198
2023-12-17,4097.0,4078.7498
2023-12-18,4096.0,4076.258
2023-12-19,4154.0,4270.0493
2023-12-20,4338.0,4297.338
2023-12-21,4287.0,4337.3545
2023-12-22,4570.0,4610.138
2023-12-23,4253.0,4342.1973
2023-12-24,4253.0,4193.855
2023-12-25,4358.0,4323.0073
2023-12-26,4382.0,4452.2227
2023-12-27,4500.0,4496.1006
2023-12-28,4515.0,4564.723
2023-12-29,4813.0,4823.264
2023-12-30,4441.0,4514.5225
2023-12-31,4600.0,4609.372
2024-01-01,5062.0,5069.5103
2024-01-02,4881.0,5016.982
2024-01-03,5250.0,5246.3833
2024-01-04,5159.0,5179.2935
2024-01-05,5413.0,5379.3013
2024-01-06,5100.0,5101.252
2024-01-07,5087.0,5060.6025
2024-01-08,5256.0,5290.718
2024-01-09,5372.0,5369.536
2024-01-10,5526.0,5483.5786
2024-01-11,5370.0,5486.8228
2024-01-12,5665.0,5614.5195
2024-01-13,5316.0,5355.663
2024-01-14,5442.0,5436.245
2024-01-15,5454.0,5411.5967
2024-01-16,5376.0,5421.4985
2024-01-17,5523.0,5483.097
2024-01-18,5414.0,5499.1343
2024-01-19,5769.0,5717.1533
2024-01-20,5282.0,5273.5786
2024-01-21,5430.0,5448.8853
2024-01-22,5746.0,5542.327
2024-01-23,5391.0,5407.9473
2024-01-24,5640.0,5524.375
2024-01-25,5520.0,5441.993
2024-01-26,4847.0,5010.7554
2024-01-27,4968.0,4889.215
2024-01-28,5020.0,4987.69
2024-01-29,5122.0,5063.76
2024-01-30,5176.0,5163.283
2024-01-31,5296.0,4978.6416
2024-02-01,4993.0,4943.8335
2024-02-02,5338.0,5017.4336
2024-02-03,4893.0,4972.456
2024-02-04,4861.0,4714.1606
2024-02-05,4803.0,4769.969
2024-02-06,4793.0,4861.4727
2024-02-07,4764.0,4796.336
2024-02-08,4701.0,4743.2295
2024-02-09,4840.0,4738.9795
2024-02-10,4573.0,4576.357
2024-02-11,4521.0,4617.4634
2024-02-12,4497.0,4526.081
2024-02-13,4465.0,4558.101
2024-02-14,4673.0,4516.749
2024-02-15,4267.0,4350.621
2024-02-16,4498.0,4455.114
2024-02-17,4130.0,4166.487
2024-02-18,4113.0,4058.0408
2024-02-19,4081.0,4062.2078
2024-02-20,4049.0,4044.758
2024-02-21,4144.0,4117.0786
2024-02-22,4019.0,4060.231
2024-02-23,4168.0,4179.6973
2024-02-24,3952.0,3982.2566
2024-02-25,4067.0,4060.9883
2024-02-26,3943.0,3906.2734
2024-02-27,4059.0,3953.122
2024-02-28,4089.0,4027.688
2024-02-29,4014.0,4010.8044
2024-03-01,4114.0,3985.8845
2024-03-02,3699.0,3728.87
2024-03-03,3838.0,3851.7288
2024-03-04,3918.0,4042.2126
2024-03-05,4028.0,3965.613
2024-03-06,4191.0,4156.8003
2024-03-07,4022.0,3971.7341
2024-03-08,4419.0,4185.08
2024-03-09,3744.0,3869.2844
2024-03-10,3755.0,3787.203
2024-03-11,3908.0,3887.0322
2024-03-12,3811.0,3713.9211
2024-03-13,3854.0,3855.1497
2024-03-14,3752.0,3801.4668
2024-03-15,3956.0,3944.4226
2024-03-16,3619.0,3846.6157
2024-03-17,3582.0,3635.0527
2024-03-18,3754.0,3838.6074
2024-03-19,3762.0,3821.121
2024-03-20,3860.0,3813.9812
2024-03-21,3692.0,3701.91
2024-03-22,4090.0,4010.2507
2024-03-23,3750.0,3745.8005
2024-03-24,3405.0,3795.898
2024-03-25,2682.0,2849.917
2024-03-26,3453.0,3584.1262
2024-03-27,3892.0,3910.9077
2024-03-28,4020.0,4064.4822
2024-03-29,4177.0,4146.668
2024-03-30,4040.0,4126.133
2024-03-31,3829.0,3764.8284
2024-04-01,3976.0,3894.3904
2024-04-02,3922.0,3857.81
2024-04-03,4089.0,4105.4673
2024-04-04,4293.0,4425.4873
2024-04-05,4413.0,4409.281
2024-04-06,4070.0,4077.8796
2024-04-07,3757.0,3820.3713
2024-04-08,4317.0,4311.266
2024-04-09,4307.0,4499.546
2024-04-10,4345.0,4371.154
2024-04-11,4188.0,4403.309
2024-04-12,4683.0,4648.2764
2024-04-13,4343.0,4366.8394
2024-04-14,3737.0,3770.8638
2024-04-15,4386.0,4295.1245
2024-04-16,4532.0,4594.277
2024-04-17,4518.5,4524.709
2024-04-18,4780.0,4811.7065
2024-04-19,5036.0,5091.274
2024-04-20,4640.0,4682.2803
2024-04-21,4552.0,4659.908
2024-04-22,4884.0,4902.521
2024-04-23,5002.0,4994.6284
2024-04-24,4857.0,4790.754
2024-04-25,5074.0,5135.5513
2024-04-26,5333.0,5341.1475
2024-04-27,4963.0,4981.0645
2024-04-28,4984.0,4945.865
2024-04-29,5301.0,5253.1084
2024-04-30,5016.0,4943.921
2024-05-01,4724.0,4691.2954
2024-05-02,4800.0,4810.0864
2024-05-03,5020.0,5024.1055
2024-05-04,5096.0,5086.4194
2024-05-05,5366.0,5381.1343
2024-05-06,6026.0,6043.0464
2024-05-07,6427.0,6349.5454
2024-05-08,6310.0,6314.329
2024-05-09,6210.0,6175.9014
2024-05-10,6414.0,6360.1973
2024-05-11,5697.0,5617.281
2024-05-12,6078.0,5995.3726
2024-05-13,6253.0,6241.2466
2024-05-14,6176.0,6129.427
2024-05-15,6387.0,6297.616
2024-05-16,6756.0,6779.1646
2024-05-17,6944.0,7014.1904
2024-05-18,7024.0,7013.9644
2024-05-19,7033.0,7097.895
2024-05-20,7481.0,7465.2124
2024-05-21,7703.0,7745.2915
2024-05-22,7916.0,7869.8623
2024-05-23,7648.0,7668.576
2024-05-24,7774.0,7763.198
2024-05-25,7558.0,7587.406
2024-05-26,7597.0,7516.215
2024-05-27,7897.0,7902.699
2024-05-28,7799.0,7767.8
2024-05-29,8188.0,8170.1763
2024-05-30,8017.0,8016.5044
2024-05-31,7925.0,7902.0024
2024-06-01,7915.0,7782.517
2024-06-02,7233.0,7583.6064
2024-06-03,7805.0,7776.243
2024-06-04,7772.0,7799.5723
2024-06-05,7892.0,7920.86
2024-06-06,7395.0,7329.097
2024-06-07,7349.0,7341.247
2024-06-08,7340.0,7392.6226
2024-06-09,6992.0,6738.1094
2024-06-10,7400.0,7477.0815
2024-06-11,7556.0,7535.8423
2024-06-12,7677.0,7698.8022
2024-06-13,7897.0,7905.0415
2024-06-14,8088.0,8063.9814
2024-06-15,7680.0,7758.6465
2024-06-16,7786.0,7764.293
2024-06-17,8155.0,8173.7256
2024-06-18,8568.0,8500.828
2024-06-19,8548.0,8545.559
2024-06-20,7710.0,7688.029
2024-06-21,7642.0,7512.8784
2024-06-22,6900.0,7052.3125
2024-06-23,7262.0,7262.194
2024-06-24,7472.0,7479.937
2024-06-25,7592.0,7624.469
2024-06-26,7695.0,7659.8457
2024-06-27,7145.0,7100.0273
2024-06-28,6694.0,6704.7544
2024-06-29,6125.0,6243.922
2024-06-30,6777.0,6863.8926
2024-07-01,7196.0,7172.537
2024-07-02,7250.0,7295.3115
2024-07-03,6835.0,6587.1895
2024-07-04,6055.0,5995.247
2024-07-05,6246.0,6363.699
2024-07-06,5947.0,6302.2134
2024-07-07,5579.0,5636.913
2024-07-08,5735.0,5613.838
2024-07-09,5968.0,6016.614
2024-07-10,6313.0,6347.1196
2024-07-11,7448.0,7504.1904
2024-07-12,7079.0,7058.245
2024-07-13,6470.0,6440.524
2024-07-14,6780.0,6826.1055
2024-07-15,6900.0,6894.1743
2024-07-16,7375.0,7405.7305
2024-07-17,7267.0,7273.153
2024-07-18,7031.0,7020.335
2024-07-19,7316.0,7211.2905
2024-07-20,7194.0,7147.9673
2024-07-21,7123.0,7112.082
2024-07-22,6922.0,6631.0083
2024-07-23,7095.0,6829.6265
2024-07-24,6920.0,6937.3765
2024-07-25,7036.0,6978.393
2024-07-26,6949.0,6904.2603
2024-07-27,6853.0,6882.498
2024-07-28,7123.0,7085.212
2024-07-29,7730.0,7722.0366
2024-07-30,7862.0,7730.6147
2024-07-31,8097.0,7322.461
2024-08-01,6475.0,6253.152
2024-08-02,6405.0,6418.132
2024-08-03,6292.0,6505.275
2024-08-04,6274.0,6274.1304
2024-08-05,6461.0,6394.5786
2024-08-06,6577.0,6445.847
2024-08-07,6232.0,6201.5674
2024-08-08,6171.0,5955.982
2024-08-09,6465.0,6392.136
2024-08-10,5793.0,5801.7554
2024-08-11,5646.0,5604.5957
2024-08-12,5445.0,5457.406
2024-08-13,5879.0,5928.2783
2024-08-14,6263.0,6284.864
2024-08-15,5897.0,5905.6543
2024-08-16,6517.0,6364.5977
2024-08-17,6179.0,6171.8154
2024-08-18,6338.0,6332.347
2024-08-19,6262.0,6333.658
2024-08-20,5895.0,5673.3477
2024-08-21,6437.0,6402.675
2024-08-22,6793.0,6790.3467
2024-08-23,6233.0,6157.0938
2024-08-24,6086.0,6099.8965
2024-08-25,6058.0,6016.9995
2024-08-26,5975.0,6000.876
2024-08-27,6047.0,6101.4995
2024-08-28,6068.0,6094.7983
2024-08-29,5565.0,5597.3066
2024-08-30,6158.0,6070.043
2024-08-31,6246.0,6273.3574
2024-09-01,6538.0,6654.7495
2024-09-02,6297.0,6278.219
2024-09-03,6607.0,6608.382
2024-09-04,5783.0,5774.1304
2024-09-05,5671.0,5632.652
2024-09-06,5735.0,5827.413
2024-09-07,5429.0,5438.7695
2024-09-08,5155.0,5177.1167
2024-09-09,5722.0,5749.745
2024-09-10,6093.0,6025.234
2024-09-11,5683.0,5628.29
2024-09-12,5315.0,5337.7705
2024-09-13,4848.0,4863.537
2024-09-14,4683.0,4914.6953
2024-09-15,4630.0,5431.5356
2024-09-16,5000.0,5283.6562
2024-09-17,5490.0,5649.4478
2024-09-18,5170.0,5069.045
2024-09-19,4986.0,5063.3965
2024-09-20,5386.0,5507.5273
2024-09-21,5404.0,5448.386
2024-09-22,5709.0,5778.915
2024-09-23,6360.0,6560.1265
2024-09-24,6685.0,6764.84
2024-09-25,6691.0,6653.367
2024-09-26,6234.0,6007.839
2024-09-27,6022.0,5905.5195
2024-09-28,5339.0,5146.5664
2024-09-29,5486.0,5558.4746
2024-09-30,5814.0,5826.409
2024-10-01,6038.0,5955.6553
2024-10-02,5826.0,5948.205
2024-10-03,6075.0,6116.1636
2024-10-04,6040.0,6022.5977
2024-10-05,5858.0,5904.3286
2024-10-06,5740.0,5652.3774
2024-10-07,5643.0,5598.9443
2024-10-08,5577.0,5566.1206
2024-10-09,5394.0,5375.399
2024-10-10,5254.0,5153.8535
2024-10-11,4995.0,4864.3477
2024-10-12,4290.0,4509.9985
2024-10-13,4337.0,4409.392
2024-10-14,4666.0,4805.087
2024-10-15,4645.0,4526.769
2024-10-16,4739.0,4827.0566
2024-10-17,4818.0,4847.4487
2024-10-18,4887.0,4932.1094
2024-10-19,4667.0,4659.589
2024-10-20,4587.0,4626.0127
2024-10-21,5050.0,4807.286
2024-10-22,4880.0,4729.604
2024-10-23,4865.0,4785.225
2024-10-24,4853.0,4759.823
2024-10-25,4699.0,4663.864
2024-10-26,4434.0,4362.119
2024-10-27,4214.0,4250.4614
2024-10-28,4803.0,4748.0435
2024-10-29,4819.0,4655.008
2024-10-30,4774.0,4702.6953
2024-10-31,3864.0,4122.0635
2024-11-01,3496.0,3905.4937
2024-11-02,3435.0,3586.7888
2024-11-03,3493.0,3763.9968
2024-11-04,4067.0,4033.408
2024-11-05,4155.0,4194.3545
2024-11-06,4203.0,4169.4976
2024-11-07,4108.0,4146.512
2024-11-08,4243.0,4262.6567
2024-11-09,4064.0,4076.2683
2024-11-10,3859.0,3889.2754
2024-11-11,4152.0,4097.073
2024-11-12,4135.0,4108.7476
2024-11-13,4052.0,3885.559
2024-11-14,3929.0,3904.043
2024-11-15,3961.0,4018.635
2024-11-16,3663.0,3873.3418
2024-11-17,3604.0,3828.8906
2024-11-18,3774.0,3910.1052
2024-11-19,3880.0,3863.0798
2024-11-20,3890.0,3875.8582
2024-11-21,3868.0,3831.3342
2024-11-22,3952.0,3920.6084
2024-11-23,3621.0,3701.618
2024-11-24,3627.0,3901.1287
2024-11-25,3811.0,3848.8276
2024-11-26,3793.0,3955.0603
2024-11-27,3788.0,3889.5571
2024-11-28,3816.0,3881.2122
2024-11-29,3984.0,3897.8513
2024-11-30,3827.0,3828.8486
2024-12-01,3804.0,3770.1326
2024-12-02,3870.0,3945.27
2024-12-03,3853.0,3986.049
2024-12-04,3978.0,3981.9434
2024-12-05,3890.0,4146.5566
